edad,educ,empleo,direccion,ingresos,deudaingr,deudacred,deudaotro,impago,morapred1,morapred2,morapred3
41,Superiores iniciados,17,12,176,9.3,11.359392,5.008608,Sí,0.808394327,0.788640432,0.213043376
27,No completó el bachillerato,10,6,31,17.3,1.362202,4.000798,No,0.198297476,0.128445387,0.436903006
40,No completó el bachillerato,15,14,55,5.5,0.856075,2.168925,No,0.010036108,0.002986778,0.141022623
41,No completó el bachillerato,15,14,120,2.9,2.65872,0.82128,No,0.022138284,0.010273265,0.104422212
24,Título de Bachiller,2,0,28,17.3,1.787436,3.056564,Sí,0.781588314,0.73788482,0.436903006
41,Título de Bachiller,5,5,25,10.2,0.3927,2.1573,No,0.216708941,0.328194657,0.233577086
39,No completó el bachillerato,20,9,67,30.6,3.833874,16.668126,No,0.185960108,0.179255713,0.817091719
43,No completó el bachillerato,12,11,38,3.6,0.128592,1.239408,No,0.014708653,0.010572668,0.11335756
24,No completó el bachillerato,3,4,19,24.4,1.358348,3.277652,Sí,0.748041204,0.619443452,0.663903973
36,No completó el bachillerato,0,13,25,19.7,2.7777,2.1473,No,0.815057013,0.797227451,0.515530083
27,No completó el bachillerato,0,1,16,1.7,0.182512,0.089488,No,0.350309226,0.610511356,0.090547584
25,No completó el bachillerato,4,0,23,5.2,0.252356,0.943644,No,0.239053902,0.21902365,0.136307036
52,No completó el bachillerato,24,14,64,10,3.9296,2.4704,No,0.009790173,0.006284684,0.228897786
37,No completó el bachillerato,6,9,29,16.3,1.715901,3.011099,No,0.364494048,0.340467556,0.404835323
48,No completó el bachillerato,22,15,100,9.1,3.7037,5.3963,No,0.011873904,0.00771407,0.208663438
36,Título de Bachiller,9,6,49,8.6,0.817516,3.396484,Sí,0.096704078,0.113839682,0.198005125
36,Título de Bachiller,13,6,41,16.4,2.918216,3.805784,Sí,0.212050391,0.175024767,0.408010484
43,No completó el bachillerato,23,19,72,7.6,1.181952,4.290048,No,0.001404871,0.000564,0.177931309
39,No completó el bachillerato,6,9,61,5.7,0.563274,2.913726,No,0.10414539,0.092729659,0.144241548
41,Superiores iniciados,0,21,26,1.7,0.099008,0.342992,No,0.091918014,0.086910591,0.090547584
39,No completó el bachillerato,22,3,52,3.2,1.154816,0.509184,No,0.004373536,0.001644741,0.108172886
47,No completó el bachillerato,17,21,43,5.6,0.587552,1.820448,No,0.003047352,0.002013761,0.142624516
28,No completó el bachillerato,3,6,26,10,0.4316,2.1684,No,0.29393218,0.236041925,0.228897786
29,No completó el bachillerato,8,6,27,9.8,0.402192,2.243808,No,0.10679962,0.204130577,0.224284795
21,Título de Bachiller,1,2,16,18,0.24192,2.63808,Sí,0.629777455,0.620461226,0.459685524
25,Título Superior,0,2,32,17.6,2.14016,3.49184,No,0.861313401,0.773743766,0.446640081
45,Título de Bachiller,9,26,69,6.7,0.707319,3.915681,No,0.016461158,0.015200716,0.16126014
43,No completó el bachillerato,25,21,64,16.7,0.951232,9.736768,No,0.001437993,0.000641928,0.417581159
33,Título de Bachiller,12,8,58,18.4,3.084208,7.587792,No,0.276706675,0.2195326,0.472786447
26,Superiores iniciados,2,1,37,14.2,0.204906,5.049094,No,0.503321867,0.479453766,0.340345792
45,No completó el bachillerato,3,15,20,2.1,0.105,0.315,No,0.076419585,0.052918595,0.094977452
30,No completó el bachillerato,1,10,22,10.5,1.13883,1.17117,No,0.433699425,0.405229109,0.240719879
27,Superiores iniciados,2,7,26,6,0.72228,0.83772,No,0.288738876,0.233062013,0.14918422
25,No completó el bachillerato,8,4,27,14.4,1.018656,2.869344,No,0.231100684,0.17780252,0.346280274
25,No completó el bachillerato,8,1,35,2.9,0.07714,0.93786,No,0.074957196,0.048004273,0.104422212
26,Título de Bachiller,6,7,45,26,6.0489,5.6511,No,0.950053517,0.946420104,0.709164137
30,Título de Bachiller,10,4,22,16.1,1.409716,2.132284,No,0.211956404,0.25417611,0.398509075
32,Título de Bachiller,12,1,54,14.4,3.195936,4.580064,No,0.335996915,0.417417714,0.346280274
28,Título de Bachiller,1,8,24,17.1,1.337904,2.766096,Sí,0.643903295,0.659599885,0.430438062
45,No completó el bachillerato,23,5,50,4.2,0.5586,1.5414,No,0.002268754,0.001460487,0.121540265
23,No completó el bachillerato,7,2,31,6.6,0.33759,1.70841,No,0.132878207,0.09741936,0.159487877
34,No completó el bachillerato,17,3,59,8,1.80776,2.91224,No,0.031768543,0.062261648,0.185763039
42,Título de Bachiller,7,23,41,4.6,0.941114,0.944886,No,0.031903479,0.030790535,0.127274197
39,No completó el bachillerato,19,5,48,13.1,1.930416,4.357584,No,0.028079331,0.010296306,0.308629906
26,No completó el bachillerato,0,0,14,7.5,0.3024,0.7476,Sí,0.51104996,0.749382132,0.176014277
21,Título de Bachiller,0,1,16,6.8,0.150144,0.937856,No,0.453616874,0.376452011,0.163048278
35,No completó el bachillerato,13,15,35,4.5,0.43155,1.14345,No,0.010781889,0.007037645,0.125819412
47,No completó el bachillerato,4,2,26,10.4,0.12168,2.58232,No,0.281657373,0.363860691,0.23832248
23,Título de Bachiller,0,2,21,11.4,0.775656,1.618344,Sí,0.62178477,0.635955665,0.263029539
35,No completó el bachillerato,18,2,42,7.4,0.205128,2.902872,No,0.010460718,0.004324238,0.174113524
34,No completó el bachillerato,2,11,25,12.6,0.5733,2.5767,Sí,0.325347336,0.290873402,0.294767429
46,No completó el bachillerato,1,12,20,14,0.8092,1.9908,No,0.423307926,0.324986169,0.334460979
46,No completó el bachillerato,16,18,52,12.9,3.032016,3.675984,Sí,0.037002117,0.082692311,0.303041556
38,Superiores iniciados,3,18,25,3.7,0.311725,0.613275,No,0.077552472,0.108528533,0.114687159
40,Título de Bachiller,3,2,28,9.5,0.55328,2.10672,No,0.371499068,0.447742552,0.217489984
37,No completó el bachillerato,1,3,24,15.1,1.801128,1.822872,Sí,0.747904441,0.631338504,0.367420657
35,No completó el bachillerato,9,1,34,5,0.3978,1.3022,No,0.084213855,0.091049486,0.133237611
39,Título de Bachiller,16,13,69,2.4,1.061496,0.594504,No,0.007327603,0.007104518,0.09842617
40,Superiores iniciados,18,6,100,2.5,1.485,1.015,No,0.010213931,0.006116303,0.099600308
50,Superiores iniciados,10,20,80,12.2,2.47904,7.28096,No,0.087494389,0.149857043,0.283942686
31,No completó el bachillerato,9,10,28,2.4,0.047712,0.624288,No,0.027984371,0.020542903,0.09842617
29,No completó el bachillerato,13,1,42,7.4,1.457652,1.650348,Sí,0.073258352,0.055660176,0.174113524
37,No completó el bachillerato,4,0,23,12.4,0.86986,1.98214,No,0.457968087,0.461772014,0.289325044
33,Título de Bachiller,4,9,55,7,2.15985,1.69015,No,0.345876956,0.356814445,0.1666724
26,Título de Bachiller,5,7,28,7.8,1.024296,1.159704,No,0.214606864,0.234923122,0.181814378
32,Título de Bachiller,11,6,75,23.3,7.7589,9.7161,Sí,0.927930677,0.950097301,0.630872535
28,Título de Bachiller,2,3,23,6.4,0.186944,1.285056,Sí,0.299857848,0.339121772,0.155990732
39,No completó el bachillerato,19,8,46,9.1,2.515786,1.670214,No,0.021761157,0.011729194,0.208663438
28,Título de Bachiller,8,3,31,8.2,1.492154,1.049846,Sí,0.198324332,0.19351847,0.189777567
29,No completó el bachillerato,1,2,20,18.6,0.56916,3.15084,Sí,0.683895029,0.666638379,0.479352131
34,Título de Bachiller,3,8,21,23.1,1.401939,3.449061,No,0.66227335,0.71664839,0.624721703
28,Título de Bachiller,5,9,34,23.8,3.099236,4.992764,No,0.757924601,0.793200729,0.646061232
47,No completó el bachillerato,26,21,100,12.8,4.5824,8.2176,No,0.006373247,0.010738822,0.300268933
43,Título Superior,1,5,26,10.6,1.518556,1.237444,No,0.590458992,0.623037421,0.243133698
41,No completó el bachillerato,13,10,44,1.7,0.07106,0.67694,No,0.01028708,0.006529237,0.090547584
47,No completó el bachillerato,13,25,51,23.8,3.738504,8.399496,No,0.150194268,0.12329653,0.646061232
24,No completó el bachillerato,2,1,21,0.6,0.025074,0.100926,No,0.215822125,0.195944565,0.079310964
29,No completó el bachillerato,1,9,17,6.7,0.157182,0.981818,No,0.25285873,0.175985099,0.16126014
33,No completó el bachillerato,14,2,37,2.6,0.199134,0.762866,No,0.017874671,0.038936235,0.100786888
36,No completó el bachillerato,15,10,39,3.2,0.6864,0.5616,No,0.010284967,0.002976564,0.108172886
26,No completó el bachillerato,4,3,27,10.5,2.47212,0.36288,Sí,0.583734685,0.444059376,0.240719879
31,No completó el bachillerato,11,12,45,17,2.7387,4.9113,No,0.203463001,0.128282068,0.427214321
37,No completó el bachillerato,7,3,32,19.6,2.69696,3.57504,No,0.632367845,0.513087736,0.512242205
35,Título Superior,4,16,29,11,1.84382,1.34618,No,0.26231921,0.301699866,0.252952263
26,No completó el bachillerato,4,3,20,5.4,0.3186,0.7614,No,0.206525269,0.15847134,0.139435797
40,No completó el bachillerato,10,15,45,18.8,2.01348,6.44652,No,0.164846926,0.34095898,0.485924956
29,Título de Bachiller,5,4,36,12.4,3.490848,0.973152,Sí,0.682593453,0.740911847,0.289325044
37,Superiores iniciados,5,17,29,24.6,1.405398,5.728602,No,0.39925216,0.491251255,0.669752092
32,No completó el bachillerato,12,12,28,2.9,0.116116,0.695884,No,0.012683582,0.007071018,0.104422212
23,Título de Bachiller,0,1,17,27.7,2.043706,2.665294,Sí,0.93955723,0.954148797,0.753074406
32,No completó el bachillerato,3,10,23,6.2,0.052762,1.373238,No,0.147564686,0.100818111,0.152556352
25,No completó el bachillerato,1,6,15,11.4,0.37107,1.33893,Sí,0.425001073,0.340615418,0.263029539
38,No completó el bachillerato,5,5,54,10.6,1.499688,4.224312,No,0.350841941,0.644979072,0.243133698
32,Título de Bachiller,0,6,18,5.8,0.296496,0.747504,Sí,0.355098571,0.431805122,0.145873795
41,Superiores iniciados,2,0,15,26.3,1.960665,1.984335,Sí,0.897394642,0.959274267,0.71724021
36,No completó el bachillerato,17,6,54,4.4,0.727056,1.648944,No,0.009974171,0.005099575,0.124378885
42,Superiores iniciados,13,0,82,3.3,1.315116,1.390884,No,0.052153417,0.050928469,0.10944918
41,No completó el bachillerato,14,8,52,7.3,0.926224,2.869776,No,0.025029966,0.062493925,0.172229007
29,Título de Bachiller,4,9,19,6.3,0.681093,0.515907,No,0.175617819,0.211581442,0.154265728
38,Superiores iniciados,4,6,31,9.3,1.331946,1.551054,Sí,0.339650908,0.500798524,0.213043376
39,No completó el bachillerato,22,9,113,2.6,0.987168,1.950832,No,0.002319006,0.000980995,0.100786888
36,No completó el bachillerato,6,9,26,8.3,0.030212,2.127788,No,0.097269317,0.052247725,0.191809606
33,No completó el bachillerato,8,7,27,5.8,0.776736,0.789264,No,0.087579391,0.055953803,0.145873795
42,Título de Bachiller,21,11,121,3.1,1.365364,2.385636,No,0.003258095,0.001523577,0.106909689
41,Título de Bachiller,22,17,75,23.6,9.8766,7.8234,No,0.55797995,0.51869825,0.640019076
40,No completó el bachillerato,8,17,28,3.6,0.53424,0.47376,No,0.029622628,0.018402998,0.11335756
53,No completó el bachillerato,9,18,50,11.2,2.016,3.584,Sí,0.091694515,0.277142434,0.2579588
28,No completó el bachillerato,4,7,26,13.5,1.29519,2.21481,No,0.402168635,0.27955883,0.319975239
36,Título de Bachiller,12,13,60,7.9,1.72062,3.01938,No,0.044141189,0.027376563,0.183780492
34,Título de Bachiller,9,13,45,10.1,1.11807,3.42693,No,0.075963664,0.070538531,0.23122916
45,Superiores iniciados,2,5,39,4.9,0.45864,1.45236,No,0.27146857,0.505466958,0.13172495
38,No completó el bachillerato,6,0,41,8.9,0.266377,3.382623,No,0.212746463,0.27691532,0.204350163
21,Superiores iniciados,0,2,24,7.7,0.833448,1.014552,No,0.550739476,0.604540493,0.179864663
42,No completó el bachillerato,12,11,51,21.4,2.411994,8.502006,No,0.209992446,0.208271905,0.570989484
52,No completó el bachillerato,16,25,64,8.6,1.865856,3.638144,No,0.007573119,0.004591302,0.198005125
25,Título de Bachiller,4,6,33,5.2,0.552552,1.163448,No,0.186436296,0.168707794,0.136307036
34,Título de Bachiller,9,9,65,6.2,2.10769,1.92231,No,0.124476666,0.084383574,0.152556352
40,Título de Bachiller,15,16,73,3.4,1.032512,1.449488,No,0.007858798,0.005973786,0.110738662
31,Título de Bachiller,0,4,27,12.8,1.08864,2.36736,Sí,0.654199897,0.650260919,0.300268933
25,No completó el bachillerato,1,0,20,6.7,0.47168,0.86832,Sí,0.457103921,0.451129715,0.16126014
45,No completó el bachillerato,12,19,37,9.5,1.34273,2.17227,No,0.025630849,0.016444769,0.217489984
23,No completó el bachillerato,3,0,19,8.4,0.2793,1.3167,Sí,0.350376774,0.28022394,0.193858196
34,Título Superior,6,3,27,35.3,1.982448,7.548552,Sí,0.853379628,0.801968754,0.892387804
31,No completó el bachillerato,2,4,22,12.7,1.092454,1.701546,Sí,0.536364361,0.380803461,0.29751085
28,No completó el bachillerato,5,9,22,2.8,0.140448,0.475552,No,0.082591673,0.026850152,0.103197745
41,No completó el bachillerato,7,11,43,4.4,0.694364,1.197636,No,0.069350363,0.031009727,0.124378885
39,Título de Bachiller,7,2,68,13,1.0166,7.8234,Sí,0.284597622,0.328969293,0.30582859
29,Título de Bachiller,9,3,36,1.4,0.127008,0.376992,No,0.046449024,0.031841712,0.087348176
21,No completó el bachillerato,5,1,25,9,0.36675,1.88325,No,0.253362895,0.089802219,0.20649847
41,Título de Bachiller,19,2,68,5.8,1.506608,2.437392,No,0.014954269,0.016607627,0.145873795
26,Título Superior,1,7,27,2.9,0.311634,0.471366,No,0.237244793,0.270131069,0.104422212
33,No completó el bachillerato,5,10,18,12.9,0.984528,1.337472,No,0.247174208,0.127883764,0.303041556
45,Título de Bachiller,18,19,35,17.4,0.5481,5.5419,No,0.007755268,0.010033574,0.440143677
39,No completó el bachillerato,17,20,60,13.7,2.44956,5.77044,No,0.019316349,0.012204467,0.325729919
24,No completó el bachillerato,7,2,21,6.3,0.519939,0.803061,No,0.142126299,0.249342059,0.154265728
29,Título de Bachiller,6,7,57,2.2,0.452694,0.801306,No,0.086132842,0.074210487,0.096114837
27,Título de Bachiller,1,0,23,12.4,0.2852,2.5668,No,0.555831125,0.620352161,0.289325044
40,No completó el bachillerato,13,2,28,5.9,0.964768,0.687232,No,0.045924259,0.04499478,0.147521329
29,No completó el bachillerato,8,10,24,6.7,0.469536,1.138464,No,0.06393147,0.038886574,0.16126014
29,Título de Bachiller,4,3,37,6.6,1.15995,1.28205,Sí,0.319083473,0.270478425,0.159487877
24,No completó el bachillerato,0,2,16,16,1.00864,1.55136,Sí,0.738204318,0.872485065,0.395358472
27,No completó el bachillerato,9,6,45,17.8,2.85156,5.15844,Sí,0.436141029,0.362589322,0.45315476
41,Superiores iniciados,16,22,135,4.4,1.2771,4.6629,No,0.004773514,0.003378036,0.124378885
31,No completó el bachillerato,11,8,25,9.1,0.14105,2.13395,No,0.038215022,0.020467976,0.208663438
41,No completó el bachillerato,16,17,68,5.4,0.447984,3.224016,No,0.004866627,0.00324635,0.139435797
42,Título de Bachiller,5,3,41,3.4,0.35547,1.03853,No,0.148805103,0.238975415,0.110738662
28,Título Superior,1,3,26,12.4,0.377208,2.846792,No,0.508310142,0.415349744,0.289325044
30,Título Superior,2,8,25,10,1.77,0.73,No,0.492661935,0.368159111,0.228897786
30,No completó el bachillerato,11,1,33,8.4,0.681912,2.090088,No,0.082510356,0.071623801,0.193858196
31,No completó el bachillerato,8,4,44,8,1.72128,1.79872,No,0.20352443,0.080861355,0.185763039
45,Título de Bachiller,15,14,51,18.1,1.550808,7.680192,No,0.043887781,0.041224974,0.462956248
43,No completó el bachillerato,13,23,76,6.1,2.151104,2.484896,Sí,0.017251009,0.029109127,0.150862538
36,No completó el bachillerato,4,10,23,16.3,1.327146,2.421854,No,0.407401838,0.419642221,0.404835323
28,No completó el bachillerato,8,6,30,7.2,0.61344,1.54656,No,0.096886769,0.031292801,0.17036068
27,Título de Bachiller,3,5,33,13.2,1.6335,2.7225,No,0.543892442,0.6137206,0.311445369
36,Superiores iniciados,13,3,39,19.2,2.800512,4.687488,No,0.291280834,0.397056945,0.499082945
33,No completó el bachillerato,12,11,32,11.3,2.104512,1.511488,No,0.083734884,0.042662627,0.260486177
54,No completó el bachillerato,9,2,28,14.8,1.558144,2.585856,Sí,0.281348717,0.480565148,0.358292388
33,No completó el bachillerato,9,4,29,13.8,1.348674,2.653326,Sí,0.212727097,0.09443719,0.328627227
31,No completó el bachillerato,9,5,26,4.5,0.31005,0.85995,No,0.057010523,0.034512275,0.125819412
21,No completó el bachillerato,4,0,26,8.9,1.420796,0.893204,No,0.459644699,0.386675592,0.204350163
28,Superiores iniciados,5,9,44,8.7,0.773256,3.054744,No,0.178833144,0.201825906,0.200103503
31,Título de Bachiller,2,1,26,6.8,0.28288,1.48512,Sí,0.355441226,0.35687565,0.163048278
32,No completó el bachillerato,8,6,26,4.1,0.326196,0.739804,No,0.064735376,0.048758032,0.120141998
35,Título de Bachiller,1,8,24,12.5,0.591,2.409,Sí,0.439878612,0.588297664,0.292038788
40,Título de Bachiller,13,11,102,18.9,6.226794,13.051206,Sí,0.598120043,0.719033126,0.489213337
22,No completó el bachillerato,4,2,24,15.6,1.636128,2.107872,Sí,0.59640472,0.523048465,0.382845066
39,No completó el bachillerato,4,9,38,6.5,1.17819,1.29181,No,0.22376914,0.21940023,0.157731427
41,Título Superior,14,3,44,1.7,0.353056,0.394944,No,0.016645617,0.025675917,0.090547584
34,No completó el bachillerato,16,9,79,4,1.73484,1.42516,No,0.017011317,0.003935929,0.118757643
29,No completó el bachillerato,7,9,22,9.7,0.550572,1.583428,No,0.114173674,0.037550369,0.222003218
31,No completó el bachillerato,4,10,28,11.3,0.291088,2.872912,No,0.196279989,0.095578229,0.260486177
32,No completó el bachillerato,1,0,20,4.8,0.31488,0.64512,Sí,0.394231456,0.415474552,0.130226882
32,No completó el bachillerato,14,7,73,8.8,3.751616,2.672384,No,0.13826888,0.093288168,0.202218511
33,No completó el bachillerato,6,14,21,7.5,0.567,1.008,No,0.083386244,0.161620713,0.176014277
26,No completó el bachillerato,6,0,22,10.3,0.720588,1.545412,No,0.284018712,0.123215218,0.235941537
21,No completó el bachillerato,1,1,18,17.3,0.158814,2.955186,No,0.623187919,0.353435211,0.436903006
28,Título de Bachiller,7,2,34,7,0.35938,2.02062,No,0.138482166,0.176031154,0.1666724
37,No completó el bachillerato,13,5,24,8.9,0.602352,1.533648,No,0.038407057,0.026458542,0.204350163
33,Título de Bachiller,2,14,35,22.9,2.123975,5.891025,Sí,0.695220117,0.768448717,0.618530354
39,No completó el bachillerato,12,10,46,5,0.5612,1.7388,No,0.022937016,0.020220481,0.133237611
40,Título de Bachiller,8,19,57,5.6,0.8778,2.3142,No,0.036325099,0.024534602,0.142624516
45,Superiores iniciados,16,21,80,3,0.912,1.488,No,0.00371588,0.002102101,0.105659495
27,No completó el bachillerato,10,6,34,6.5,0.85085,1.35915,No,0.066406126,0.113108068,0.157731427
28,Título Superior,0,7,29,24.2,1.424654,5.593346,No,0.830980201,0.763616877,0.658005175
39,No completó el bachillerato,13,9,27,8,0.96552,1.19448,No,0.031778305,0.07587688,0.185763039
40,No completó el bachillerato,14,21,43,15,2.79285,3.65715,Sí,0.048832306,0.028540978,0.364366949
27,No completó el bachillerato,11,8,56,16.9,4.63736,4.82664,No,0.509822397,0.39901524,0.42399675
36,No completó el bachillerato,1,4,16,9.3,0.433008,1.054992,No,0.428088338,0.292462181,0.213043376
55,No completó el bachillerato,19,2,78,15.6,4.404816,7.763184,No,0.159492261,0.235432128,0.382845066
27,Título de Bachiller,4,3,22,13.2,1.086096,1.817904,Sí,0.445777636,0.464658154,0.311445369
30,No completó el bachillerato,1,8,17,11,0.74613,1.12387,No,0.42918787,0.375867605,0.252952263
36,No completó el bachillerato,10,0,28,11.2,0.81536,2.32064,Sí,0.146632349,0.123669593,0.2579588
31,No completó el bachillerato,1,6,21,2.5,0.2772,0.2478,Sí,0.242020038,0.189231246,0.099600308
33,Título de Bachiller,13,2,40,7.2,0.18144,2.69856,No,0.033315528,0.035681029,0.17036068
30,No completó el bachillerato,4,0,33,4.2,0.500346,0.885654,No,0.248983269,0.226450054,0.121540265
24,No completó el bachillerato,1,0,18,5.9,0.23895,0.82305,Sí,0.407098215,0.353632385,0.147521329
33,Título Superior,9,10,28,4.3,0.376852,0.827148,No,0.039489785,0.045414663,0.122952532
50,No completó el bachillerato,8,27,47,6.9,0.398889,2.844111,No,0.016498048,0.013644465,0.164852346
31,Título de Bachiller,6,6,32,23.1,3.341184,4.050816,Sí,0.771944253,0.791662104,0.624721703
28,No completó el bachillerato,3,7,19,4.1,0.260965,0.518035,No,0.171340842,0.080964909,0.120141998
44,Superiores iniciados,8,10,88,6.1,0.284504,5.083496,Sí,0.055051573,0.055955589,0.150862538
48,Título Superior,3,23,45,9.8,0.97461,3.43539,No,0.123029942,0.100988361,0.224284795
36,Título de Bachiller,0,17,30,9.7,0.32883,2.58117,No,0.244597739,0.277068486,0.222003218
29,Superiores iniciados,7,1,63,5.5,0.571725,2.893275,No,0.147111842,0.116072322,0.141022623
40,Superiores iniciados,17,11,116,6,2.56128,4.39872,No,0.021631707,0.021438403,0.14918422
33,No completó el bachillerato,7,6,26,6,0.54288,1.01712,No,0.105641296,0.10037654,0.14918422
26,Título de Bachiller,6,6,30,1,0.1437,0.1563,No,0.07152331,0.078201795,0.083241418
36,No completó el bachillerato,14,11,81,7.2,1.784592,4.047408,No,0.031582724,0.018105121,0.17036068
26,Título de Bachiller,6,0,35,1.9,0.085785,0.579215,No,0.116110042,0.085947344,0.092738774
40,Superiores iniciados,16,6,116,12.1,1.61414,12.42186,No,0.040419499,0.037520119,0.281274284
44,No completó el bachillerato,5,3,48,9,1.96992,2.35008,Sí,0.41954685,0.539840072,0.20649847
29,Superiores iniciados,1,10,30,4.5,0.27945,1.07055,No,0.216056677,0.173714334,0.125819412
35,Superiores iniciados,5,3,37,5.4,0.581418,1.416582,Sí,0.191854827,0.29828009,0.139435797
34,No completó el bachillerato,16,3,75,10.4,3.9546,3.8454,No,0.150278135,0.101876132,0.23832248
34,Superiores iniciados,12,8,47,6.7,1.300537,1.848463,No,0.046725353,0.032650704,0.16126014
46,No completó el bachillerato,14,25,35,10.2,1.34946,2.22054,No,0.010508365,0.005614504,0.233577086
41,Título de Bachiller,21,22,145,12.2,3.23727,14.45273,No,0.008652432,0.004317511,0.283942686
27,Título de Bachiller,7,8,30,4,0.4476,0.7524,Sí,0.073803724,0.078148696,0.118757643
27,Título Superior,0,6,70,8,1.6184,3.9816,Sí,0.587813312,0.443724165,0.185763039
28,No completó el bachillerato,11,6,24,2.4,0.107136,0.468864,No,0.024749477,0.007026596,0.09842617
48,Superiores iniciados,0,27,19,10.8,0.849528,1.202472,No,0.175862051,0.283573345,0.248010418
48,Superiores iniciados,17,26,113,12,3.37644,10.18356,No,0.017400141,0.020131339,0.278621202
29,Superiores iniciados,5,6,70,19.9,3.17604,10.75396,Sí,0.747408816,0.824609098,0.522101522
43,Título de Bachiller,9,5,60,20.4,4.0392,8.2008,Sí,0.675773512,0.735527014,0.538491758
23,No completó el bachillerato,5,2,17,7.9,0.302175,1.040825,No,0.214822699,0.077983534,0.183780492
29,Título de Bachiller,10,8,44,18.1,3.70326,4.26074,No,0.463210356,0.488731555,0.462956248
40,Título Superior,5,6,75,1.9,0.884925,0.540075,No,0.139822706,0.102652005,0.092738774
22,Título de Bachiller,0,3,20,5.6,0.2072,0.9128,No,0.396089607,0.454842797,0.142624516
23,No completó el bachillerato,7,3,22,14.4,0.849024,2.318976,No,0.273793182,0.208687754,0.346280274
46,Superiores iniciados,9,10,60,15.3,1.6065,7.5735,No,0.180065459,0.225447814,0.373559888
55,No completó el bachillerato,3,11,40,8,0.5632,2.6368,Sí,0.200412812,0.356906369,0.185763039
38,Título de Bachiller,8,16,38,0.6,0.029412,0.198588,No,0.018670449,0.018030279,0.079310964
35,Título de Bachiller,5,1,33,2.8,0.103488,0.820512,No,0.144444216,0.15002056,0.103197745
30,No completó el bachillerato,11,9,27,0.9,0.073872,0.169128,No,0.016805734,0.030255164,0.082242512
24,No completó el bachillerato,7,0,18,6.5,0.5265,0.6435,No,0.166056569,0.099212121,0.157731427
26,Título de Bachiller,4,3,28,9.5,0.2261,2.4339,No,0.261708344,0.321010838,0.217489984
32,Título de Bachiller,2,11,15,9.1,0.118755,1.246245,Sí,0.214385375,0.283906639,0.208663438
37,Título de Bachiller,11,4,75,3.5,0.632625,1.992375,No,0.042565976,0.03238395,0.112041425
39,No completó el bachillerato,6,19,42,19.9,2.540832,5.817168,Sí,0.359410782,0.341286575,0.522101522
30,Título de Bachiller,4,4,21,18.3,0.491904,3.351096,No,0.452815178,0.500954127,0.46950699
30,No completó el bachillerato,10,11,39,9.5,2.056275,1.648725,No,0.109683943,0.062653926,0.217489984
32,Título de Bachiller,7,10,32,4.3,0.43344,0.94256,No,0.064537075,0.044971373,0.122952532
54,Superiores iniciados,21,20,118,14.4,9.60048,7.39152,No,0.323345485,0.414907411,0.346280274
27,Superiores iniciados,3,4,35,13.3,1.60132,3.05368,No,0.561599459,0.640896015,0.314274841
31,No completó el bachillerato,12,4,31,23.7,2.05716,5.28984,No,0.31939389,0.285322818,0.643045842
39,No completó el bachillerato,15,16,39,1.8,0.139698,0.562302,No,0.004106623,0.001954793,0.091637291
31,No completó el bachillerato,5,3,25,14.1,1.17735,2.34765,No,0.418577534,0.663947979,0.337397088
35,No completó el bachillerato,15,11,40,18.5,1.2136,6.1864,No,0.047633401,0.026217285,0.476068255
35,Título de Bachiller,10,16,98,13.3,4.874716,8.159284,No,0.365904699,0.260459337,0.314274841
46,Título de Bachiller,22,17,144,11.1,3.324672,12.659328,No,0.009712251,0.011061979,0.255447474
33,No completó el bachillerato,13,3,52,21.3,2.71362,8.36238,Sí,0.320037252,0.281724996,0.567762417
35,Título de Bachiller,13,3,105,1.9,1.418445,0.576555,No,0.038861843,0.038898369,0.092738774
35,Título de Bachiller,1,1,21,7.9,0.369957,1.289043,No,0.448775393,0.642331873,0.183780492
38,No completó el bachillerato,5,13,21,9,0.44982,1.44018,No,0.118354747,0.087633223,0.20649847
41,No completó el bachillerato,19,1,96,7.8,2.253888,5.234112,No,0.02926326,0.011173033,0.181814378
38,No completó el bachillerato,18,19,44,4.5,0.60588,1.37412,No,0.002580654,0.000995044,0.125819412
34,Superiores iniciados,2,14,39,13.2,1.142856,4.005144,No,0.355780256,0.446220968,0.311445369
51,Superiores iniciados,16,25,82,4.4,2.604976,1.003024,No,0.007980406,0.00509475,0.124378885
34,Título de Bachiller,10,2,33,9.5,0.573705,2.561295,No,0.098653675,0.119518762,0.217489984
47,No completó el bachillerato,15,1,30,24.5,2.21235,5.13765,No,0.253301788,0.31538717,0.666834454
34,Título de Bachiller,8,6,78,5.4,2.156544,2.055456,No,0.181385449,0.132385474,0.139435797
27,Título de Bachiller,8,7,18,11.9,0.400554,1.741446,No,0.117048612,0.128219109,0.275983535
52,No completó el bachillerato,9,11,24,19.2,0.801792,3.806208,Sí,0.152644828,0.134327154,0.499082945
39,No completó el bachillerato,9,6,35,5,0.23275,1.51725,No,0.052788742,0.024413337,0.133237611
33,No completó el bachillerato,7,0,22,6.4,0.630784,0.777216,No,0.173229595,0.104769608,0.155990732
34,No completó el bachillerato,0,1,21,7.2,0.187488,1.324512,No,0.467704327,0.464661008,0.17036068
31,Superiores iniciados,9,7,59,14.6,3.109654,5.504346,Sí,0.383989292,0.444903393,0.352262975
28,No completó el bachillerato,2,9,16,15.2,0.870656,1.561344,No,0.458362624,0.219447681,0.37048504
39,No completó el bachillerato,19,16,45,3.7,0.91575,0.74925,No,0.002874355,0.00068932,0.114687159
51,Título de Bachiller,22,23,120,7.6,4.14048,4.97952,No,0.007008789,0.006794288,0.177931309
22,No completó el bachillerato,4,1,16,1.2,0.08448,0.10752,No,0.155989276,0.282033481,0.085272382
27,Superiores iniciados,6,4,26,10.4,0.930176,1.773824,No,0.245885978,0.293363236,0.23832248
32,No completó el bachillerato,16,10,38,21,0.69426,7.28574,No,0.037917669,0.019013301,0.55804771
28,Título de Bachiller,6,7,38,7.2,0.774288,1.961712,No,0.149797684,0.102839418,0.17036068
27,Título de Bachiller,1,0,20,10.3,0.37698,1.68302,Sí,0.522856465,0.64373034,0.235941537
26,Título de Bachiller,2,6,24,13.6,1.576512,1.687488,Sí,0.584197334,0.583847993,0.32284587
32,No completó el bachillerato,14,0,36,2.4,0.273024,0.590976,No,0.021474981,0.015264129,0.09842617
30,No completó el bachillerato,0,11,17,3.7,0.44659,0.18241,Sí,0.249311861,0.448411318,0.114687159
39,No completó el bachillerato,13,1,38,8.9,1.897302,1.484698,No,0.104017285,0.115730879,0.204350163
31,No completó el bachillerato,11,6,28,4.8,0.345408,0.998592,Sí,0.034705977,0.027050883,0.130226882
34,No completó el bachillerato,15,2,39,24.7,4.373382,5.259618,Sí,0.523381878,0.505124708,0.672656723
31,No completó el bachillerato,8,3,41,12.6,0.134316,5.031684,No,0.143506531,0.101917147,0.294767429
29,Título de Bachiller,1,7,25,10.4,0.5694,2.0306,No,0.411408484,0.444977561,0.23832248
29,No completó el bachillerato,9,0,25,13.9,1.0703,2.4047,No,0.243375047,0.170331589,0.331537636
35,Título de Bachiller,9,16,30,7.6,0.6498,1.6302,No,0.038007722,0.033805443,0.177931309
29,No completó el bachillerato,11,7,32,6,0.92736,0.99264,No,0.048921066,0.033822965,0.14918422
38,Título de Bachiller,2,16,22,22.7,1.208548,3.785452,Sí,0.529953185,0.643459061,0.61230025
35,No completó el bachillerato,16,15,36,3.4,0.178704,1.045296,No,0.00411573,0.000987381,0.110738662
29,No completó el bachillerato,11,5,36,6.1,0.709308,1.486692,No,0.051124454,0.031544593,0.150862538
23,Título de Bachiller,3,4,34,4.4,0.2618,1.2342,No,0.213247671,0.145669067,0.124378885
33,Título Superior,9,8,32,5.5,0.49632,1.26368,No,0.05444625,0.030980508,0.141022623
51,Título de Bachiller,19,25,159,2.8,1.06848,3.38352,No,0.001396786,0.001035637,0.103197745
24,No completó el bachillerato,4,2,21,2.6,0.099372,0.446628,No,0.162803192,0.059987225,0.100786888
31,No completó el bachillerato,10,12,49,9.8,3.236548,1.565452,Sí,0.186571308,0.055121181,0.224284795
45,No completó el bachillerato,10,14,52,5.4,0.932256,1.875744,No,0.034103263,0.014566765,0.139435797
29,No completó el bachillerato,3,1,17,9,0.46971,1.06029,No,0.368987147,0.625453366,0.20649847
34,No completó el bachillerato,0,10,20,17.1,2.04858,1.37142,No,0.746431409,0.724004632,0.430438062
25,Título de Bachiller,4,5,27,5,0.54945,0.80055,Sí,0.19599444,0.137672117,0.133237611
37,No completó el bachillerato,20,2,56,1.9,0.54264,0.52136,No,0.004835705,0.009644792,0.092738774
47,No completó el bachillerato,29,18,129,25.3,20.56131,12.07569,Sí,0.991215199,0.995958515,0.689802468
43,Título de Bachiller,6,24,54,9.6,0.62208,4.56192,No,0.047755066,0.036403334,0.219738277
47,No completó el bachillerato,22,19,81,5.5,1.50579,2.94921,No,0.001790251,0.000460607,0.141022623
24,No completó el bachillerato,6,2,21,5.2,0.108108,0.983892,No,0.131448196,0.089581316,0.136307036
27,Superiores iniciados,5,1,75,6.3,2.206575,2.518425,No,0.434169437,0.351187187,0.154265728
25,No completó el bachillerato,9,4,18,1.2,0.06588,0.15012,No,0.040864821,0.029102067,0.085272382
36,Superiores iniciados,11,12,44,14.7,0.446292,6.021708,No,0.053083328,0.07047741,0.355271939
39,No completó el bachillerato,16,20,57,19.4,1.559178,9.498822,No,0.02432161,0.015141399,0.505663556
26,No completó el bachillerato,10,1,25,7.1,1.3064,0.4686,No,0.127523452,0.070363277,0.168508494
41,No completó el bachillerato,4,19,25,10.1,1.0605,1.4645,No,0.141126328,0.101949193,0.23122916
39,No completó el bachillerato,19,15,60,27.1,9.5934,6.6666,Sí,0.780727837,0.724045031,0.738098099
37,No completó el bachillerato,18,8,54,12.1,4.593402,1.940598,No,0.108344949,0.057386242,0.281274284
29,No completó el bachillerato,2,0,14,14.4,0.586656,1.429344,Sí,0.581985286,0.806555551,0.346280274
42,No completó el bachillerato,6,9,31,11.6,1.02486,2.57114,No,0.20314877,0.188032379,0.268163933
31,Título Superior,1,6,29,11.1,1.065489,2.153511,No,0.517279211,0.4273449,0.255447474
36,No completó el bachillerato,4,15,17,17.3,0.520557,2.420443,No,0.239604068,0.104515187,0.436903006
39,No completó el bachillerato,16,4,52,20,4.16,6.24,No,0.299723745,0.154597415,0.525384518
23,Título Superior,0,2,23,6.7,0.468464,1.072536,No,0.476581439,0.537183863,0.16126014
39,No completó el bachillerato,4,15,33,7,0.39732,1.91268,No,0.105777971,0.244171828,0.1666724
27,Superiores iniciados,4,1,40,3.1,0.28396,0.95604,Sí,0.196807274,0.163146753,0.106909689
24,No completó el bachillerato,8,4,24,5,0.3816,0.8184,No,0.083413644,0.142736113,0.133237611
27,Superiores iniciados,3,4,45,11,0.29205,4.65795,Sí,0.330579204,0.288036577,0.252952263
41,No completó el bachillerato,16,22,49,1.6,0.4312,0.3528,No,0.00230186,0.00111286,0.08946956
38,No completó el bachillerato,0,8,23,8.1,0.897966,0.965034,Sí,0.447311664,0.476795413,0.187762054
40,Título de Bachiller,5,12,35,16.4,1.58424,4.15576,Sí,0.348948478,0.431535036,0.408010484
54,No completó el bachillerato,25,12,120,26.5,14.5962,17.2038,Sí,0.946429423,0.953754976,0.722548115
40,No completó el bachillerato,12,6,89,17.4,2.771994,12.714006,No,0.256253988,0.274811794,0.440143677
40,No completó el bachillerato,2,4,32,3.7,0.853664,0.330336,No,0.313133405,0.212884999,0.114687159
29,No completó el bachillerato,1,8,31,8,0.15624,2.32376,No,0.29152871,0.240067222,0.185763039
30,No completó el bachillerato,8,6,23,12,0.76176,1.99824,No,0.151403124,0.093440508,0.278621202
29,No completó el bachillerato,1,1,18,1.1,0.029898,0.168102,No,0.268806605,0.225102132,0.084251343
29,Superiores iniciados,3,3,50,2.4,0.2592,0.9408,Sí,0.19746142,0.254253332,0.09842617
28,Título Superior,2,4,41,2.5,0.4592,0.5658,Sí,0.246483133,0.16097975,0.099600308
28,Título Superior,0,5,38,10.4,0.636272,3.315728,No,0.521302284,0.417017104,0.23832248
39,Título de Bachiller,16,9,89,14.3,5.001711,7.725289,No,0.218289587,0.228453637,0.343306913
32,No completó el bachillerato,11,2,53,3.3,0.089199,1.659801,No,0.036272593,0.030092022,0.10944918
36,Título de Bachiller,7,16,43,15.4,2.6488,3.9732,No,0.286566585,0.285974118,0.376644987
39,No completó el bachillerato,20,12,39,8.2,0.773916,2.424084,No,0.004274793,0.007952683,0.189777567
28,Superiores iniciados,6,8,47,19.8,5.574294,3.731706,Sí,0.885453544,0.901779861,0.518816616
28,No completó el bachillerato,4,2,28,14.2,0.43736,3.53864,Sí,0.396526748,0.310010504,0.340345792
46,No completó el bachillerato,6,19,31,12.2,1.98555,1.79645,No,0.171398126,0.164192826,0.283942686
30,Título de Bachiller,4,8,15,6.5,0.350025,0.624975,No,0.16285642,0.17347178,0.157731427
39,Título de Bachiller,15,19,32,4.9,0.421792,1.146208,No,0.004969225,0.005018385,0.13172495
40,Superiores iniciados,5,3,220,16,8.1664,27.0336,Sí,0.979036869,0.988185401,0.395358472
44,Título de Bachiller,18,4,74,13.4,4.521696,5.394304,No,0.153278133,0.197675848,0.31711818
30,No completó el bachillerato,0,8,19,16.6,0.624492,2.529508,Sí,0.594361944,0.368223078,0.414383652
24,Título de Bachiller,3,0,19,4.3,0.358663,0.458337,No,0.282154086,0.350680371,0.122952532
32,No completó el bachillerato,10,13,32,11.3,1.167968,2.448032,No,0.068715951,0.120385783,0.260486177
29,Título de Bachiller,3,8,15,2.6,0.14664,0.24336,No,0.135250938,0.144113048,0.100786888
40,Título de Bachiller,2,1,36,3.8,0.277704,1.090296,No,0.296718847,0.368624035,0.116030313
41,Título de Bachiller,8,21,43,0.7,0.085785,0.215215,No,0.013034113,0.008565768,0.080277379
22,No completó el bachillerato,1,3,17,18.6,0.80631,2.35569,No,0.695587078,0.472445269,0.479352131
38,No completó el bachillerato,10,8,34,1.2,0.036312,0.371688,No,0.023196482,0.057983535,0.085272382
37,Título de Bachiller,6,13,62,8.5,1.18575,4.08425,No,0.133177879,0.175572672,0.195923363
41,Superiores iniciados,18,6,71,15.7,6.565583,4.581417,Sí,0.378139551,0.471497333,0.385959603
41,Superiores iniciados,7,6,56,14.5,0.37352,7.74648,Sí,0.184999655,0.337327387,0.34926569
39,No completó el bachillerato,2,15,22,23.1,1.915914,3.166086,Sí,0.655166552,0.506129732,0.624721703
24,Título de Bachiller,0,2,15,16.1,0.321195,2.093805,Sí,0.657366017,0.730841489,0.398509075
32,Superiores iniciados,9,10,51,23,2.68617,9.04383,No,0.445813049,0.394715561,0.621630984
21,Superiores iniciados,0,1,26,7.7,1.529528,0.472472,No,0.664576704,0.589680447,0.179864663
29,No completó el bachillerato,13,7,27,2.3,0.068931,0.552069,No,0.013774721,0.003668825,0.097264377
35,Título de Bachiller,14,3,82,0.8,0.468384,0.187616,No,0.016428385,0.017446315,0.08125453
29,No completó el bachillerato,6,7,21,18.1,1.109892,2.691108,No,0.35852255,0.551897739,0.462956248
41,Título de Bachiller,2,22,30,6.7,0.11256,1.89744,No,0.082581273,0.118554053,0.16126014
37,No completó el bachillerato,0,18,18,12.9,1.583604,0.738396,Sí,0.448324032,0.396188637,0.303041556
32,Título de Bachiller,3,13,47,1.9,0.42864,0.46436,No,0.103239614,0.069547044,0.092738774
36,Título de Post-grado,5,12,20,8.1,0.729,0.891,No,0.136304593,0.221719113,0.187762054
39,Título de Bachiller,18,9,44,2.1,0.367752,0.556248,No,0.004098773,0.002624873,0.094977452
36,No completó el bachillerato,18,9,67,11.2,5.245296,2.258704,No,0.130685583,0.07594148,0.2579588
46,Superiores iniciados,22,4,99,2.3,0.826551,1.450449,No,0.003089718,0.002249798,0.097264377
34,No completó el bachillerato,13,11,51,9.6,1.875168,3.020832,No,0.051333437,0.014933337,0.219738277
27,No completó el bachillerato,7,4,26,9.1,0.641186,1.724814,No,0.161974309,0.114125963,0.208663438
43,No completó el bachillerato,8,11,45,3.3,0.67716,0.80784,No,0.049913541,0.038821953,0.10944918
33,No completó el bachillerato,14,8,72,41.3,15.01668,14.71932,Sí,0.999396727,0.999456996,0.948096463
39,Título de Bachiller,20,17,101,1.4,0.340774,1.073226,No,0.001222828,0.000641617,0.087348176
29,No completó el bachillerato,1,4,17,2.5,0.13175,0.29325,No,0.256834274,0.200879411,0.099600308
34,Título Superior,7,15,40,6.4,0.94976,1.61024,No,0.069214478,0.035250802,0.155990732
26,No completó el bachillerato,1,0,21,4.9,0.608139,0.420861,No,0.437159973,0.279490652,0.13172495
31,No completó el bachillerato,15,2,60,4.8,0.80352,2.07648,No,0.023929245,0.006835416,0.130226882
26,No completó el bachillerato,10,6,24,2.7,0.31104,0.33696,No,0.035986016,0.016757188,0.101986002
28,No completó el bachillerato,12,7,45,7.7,1.853775,1.611225,No,0.073843195,0.04675138,0.179864663
48,No completó el bachillerato,13,20,50,30.8,6.1138,9.2862,Sí,0.657473551,0.693188579,0.820993039
39,Título de Bachiller,2,12,46,16,4.00384,3.35616,Sí,0.81080502,0.8118123,0.395358472
37,No completó el bachillerato,3,3,25,3.7,0.27565,0.64935,No,0.217879898,0.27412738,0.114687159
52,Título de Post-grado,9,0,70,9.4,1.32916,5.25084,Sí,0.200505599,0.507736411,0.215258348
48,No completó el bachillerato,3,11,27,21.3,1.403244,4.347756,No,0.567479032,0.482486033,0.567762417
26,No completó el bachillerato,7,3,22,5.1,0.208692,0.913308,No,0.103099521,0.035175892,0.134764946
46,Título de Post-grado,15,0,126,3.1,0.476532,3.429468,No,0.020166507,0.038405672,0.106909689
31,No completó el bachillerato,7,10,23,4.9,0.2254,0.9016,No,0.060651155,0.041068803,0.13172495
34,No completó el bachillerato,13,8,56,6.1,0.864248,2.551752,No,0.027621063,0.008255096,0.150862538
40,No completó el bachillerato,22,4,95,3.6,0.6327,2.7873,No,0.003101044,0.00084632,0.11335756
24,Superiores iniciados,2,5,16,6.4,0.270336,0.753664,Sí,0.27634146,0.217099829,0.155990732
33,No completó el bachillerato,2,14,44,3.1,0.52514,0.83886,No,0.137149572,0.113480202,0.106909689
53,Título Superior,5,29,78,17.3,6.935916,6.558084,Sí,0.757882062,0.717872868,0.436903006
47,Superiores iniciados,9,1,52,20.1,2.539836,7.912164,Sí,0.54333718,0.791485863,0.52866532
35,No completó el bachillerato,5,5,32,13,0.17472,3.98528,No,0.23817614,0.128139342,0.30582859
34,No completó el bachillerato,14,8,28,17,1.13764,3.62236,No,0.06386393,0.036218807,0.427214321
49,No completó el bachillerato,11,5,39,10.1,2.457936,1.481064,No,0.172789131,0.118143116,0.23122916
26,Título de Bachiller,0,7,28,9.3,1.270752,1.333248,No,0.547167439,0.465957619,0.213043376
23,No completó el bachillerato,2,2,16,9.6,0.804864,0.731136,Sí,0.467493599,0.661126016,0.219738277
23,Título de Bachiller,0,4,21,8.7,0.454923,1.372077,No,0.478149025,0.480245924,0.200103503
38,Título de Bachiller,4,13,56,1.6,0.441728,0.454272,No,0.081412025,0.087866824,0.08946956
28,Título de Bachiller,5,2,37,8.3,1.123986,1.947014,No,0.312191501,0.331114361,0.191809606
30,Superiores iniciados,0,8,65,29.7,3.89961,15.40539,Sí,0.968168697,0.985002292,0.798719626
34,No completó el bachillerato,18,10,34,15.4,2.099636,3.136364,No,0.03204967,0.054931822,0.376644987
50,Título de Bachiller,16,14,71,11.1,1.662891,6.218109,No,0.02028301,0.035738191,0.255447474
29,No completó el bachillerato,12,2,40,6.7,1.63212,1.04788,No,0.088012555,0.047456444,0.16126014
42,Superiores iniciados,0,9,64,6.6,0.278784,3.945216,No,0.314325446,0.506289341,0.159487877
31,No completó el bachillerato,13,12,27,5,0.2376,1.1124,No,0.012839449,0.006752024,0.133237611
39,No completó el bachillerato,10,4,31,4.8,0.184512,1.303488,No,0.04685877,0.027451351,0.130226882
45,Título de Bachiller,21,26,132,3,2.55816,1.40184,No,0.001893585,0.00108818,0.105659495
45,No completó el bachillerato,22,24,91,11.7,1.256346,9.390654,No,0.001786849,0.000937411,0.270754814
36,No completó el bachillerato,14,17,53,5.7,1.888125,1.132875,No,0.018278155,0.028206006,0.144241548
25,Título Superior,0,6,24,12.1,1.5972,1.3068,Sí,0.669224231,0.529164291,0.281274284
29,Título de Bachiller,1,7,29,21.2,2.330092,3.817908,Sí,0.832577623,0.852272658,0.564529588
30,Título de Bachiller,8,4,56,6.4,0.333312,3.250688,No,0.091045132,0.090233588,0.155990732
31,No completó el bachillerato,1,1,24,4.5,0.21708,0.86292,No,0.355872431,0.398716893,0.125819412
43,No completó el bachillerato,4,2,29,4.6,0.05336,1.28064,No,0.18432,0.135615942,0.127274197
32,Título de Bachiller,11,4,57,23.8,5.439966,8.126034,Sí,0.807400639,0.779094602,0.646061232
47,No completó el bachillerato,19,7,50,30.1,3.17555,11.87445,No,0.183510837,0.187638627,0.807050536
46,No completó el bachillerato,1,15,21,14.8,1.376844,1.731156,Sí,0.460812338,0.515168776,0.358292388
43,Título de Bachiller,16,10,83,4.1,0.258628,3.144372,No,0.006861088,0.004837126,0.120141998
48,No completó el bachillerato,3,7,24,7,0.7644,0.9156,No,0.262752007,0.361856542,0.1666724
30,Superiores iniciados,8,7,61,2.8,0.549976,1.158024,No,0.060751507,0.064766988,0.103197745
23,Título Superior,0,4,32,18.4,0.818432,5.069568,Sí,0.726515778,0.60695259,0.472786447
36,Título Superior,8,0,32,1.6,0.024576,0.487424,No,0.07066342,0.049535978,0.08946956
20,Superiores iniciados,0,1,17,2.3,0.043792,0.347208,No,0.34429625,0.400508901,0.097264377
43,No completó el bachillerato,16,7,89,0.4,0.159488,0.196512,No,0.005972131,0.003885137,0.07740997
23,No completó el bachillerato,2,1,25,4.5,0.12375,1.00125,Sí,0.291233569,0.483046713,0.125819412
41,No completó el bachillerato,21,2,76,20.5,6.94868,8.63132,No,0.436083826,0.459916792,0.541760981
34,No completó el bachillerato,12,5,68,25.1,7.817144,9.250856,Sí,0.929970061,0.932249891,0.68414196
50,No completó el bachillerato,11,5,36,4.8,0.834624,0.893376,No,0.049081068,0.05627039,0.130226882
40,No completó el bachillerato,9,4,64,6.6,0.789888,3.434112,No,0.094125854,0.091885737,0.159487877
29,Título de Bachiller,0,8,22,12.9,1.038708,1.799292,Sí,0.572678018,0.604360378,0.303041556
39,Título de Bachiller,9,16,56,18.7,4.76476,5.70724,No,0.526576599,0.549684502,0.482637792
24,Título de Bachiller,1,2,42,5.7,0.8379,1.5561,No,0.446969865,0.509605982,0.144241548
27,No completó el bachillerato,0,5,16,1.1,0.130416,0.045584,No,0.263962686,0.257210124,0.084251343
40,Superiores iniciados,18,14,157,6.6,3.326202,7.035798,No,0.02173617,0.010447737,0.159487877
32,Título de Bachiller,8,2,45,3.7,0.98235,0.68265,No,0.118692414,0.1292301,0.114687159
39,Título de Bachiller,16,12,53,3.7,0.694194,1.266806,No,0.007223087,0.006232964,0.114687159
40,No completó el bachillerato,22,1,100,14.6,5.402,9.198,No,0.138782228,0.117024897,0.352262975
32,No completó el bachillerato,10,11,42,9.1,1.540266,2.281734,No,0.081289635,0.05865986,0.208663438
39,No completó el bachillerato,23,1,75,18.9,3.132675,11.042325,No,0.047933864,0.049875612,0.489213337
24,No completó el bachillerato,3,3,21,28.9,2.682498,3.386502,Sí,0.910956747,0.76628122,0.781258853
43,Título Superior,18,14,446,6.5,16.03147,12.95853,Sí,0.96965967,0.810529338,0.157731427
56,No completó el bachillerato,11,20,59,15,4.6728,4.1772,No,0.252929141,0.289117104,0.364366949
32,Superiores iniciados,5,9,23,4.5,0.326025,0.708975,No,0.104213977,0.085720124,0.125819412
42,No completó el bachillerato,7,12,25,10.2,1.62945,0.92055,No,0.163801843,0.099212609,0.233577086
46,Superiores iniciados,3,13,43,13.2,3.042336,2.633664,Sí,0.582566827,0.759321308,0.311445369
31,No completó el bachillerato,2,2,22,16.4,1.739056,1.868944,Sí,0.732098138,0.892224093,0.408010484
43,No completó el bachillerato,25,16,242,2.6,1.63592,4.65608,No,0.000921051,0.000205799,0.100786888
28,Título de Bachiller,6,9,22,11.5,0.65021,1.87979,No,0.169351559,0.189889564,0.265588816
39,Superiores iniciados,11,17,39,12.9,2.560779,2.470221,No,0.096663588,0.070065898,0.303041556
39,No completó el bachillerato,0,8,39,7.9,1.066026,2.014974,No,0.466825332,0.542854953,0.183780492
37,Título Superior,1,14,33,16.1,2.693691,2.619309,Sí,0.688575966,0.608890907,0.398509075
30,No completó el bachillerato,0,11,17,12,0.30396,1.73604,No,0.389027998,0.327950682,0.278621202
37,Título de Post-grado,9,16,177,5.9,0.887655,9.555345,No,0.037507702,0.03879634,0.147521329
22,No completó el bachillerato,4,3,14,17.5,0.2254,2.2246,No,0.417905695,0.344027927,0.443389459
50,No completó el bachillerato,1,26,26,14.3,1.851564,1.866436,No,0.305149955,0.279919789,0.343306913
30,No completó el bachillerato,10,2,19,4.4,0.336072,0.499928,No,0.057400041,0.050708022,0.124378885
39,No completó el bachillerato,8,0,21,4,0.27636,0.56364,No,0.097930692,0.132449649,0.118757643
21,Título de Bachiller,0,2,21,12.5,0.48825,2.13675,Sí,0.605763987,0.603273387,0.292038788
31,Superiores iniciados,9,2,28,2.6,0.121576,0.606424,No,0.055316194,0.077154157,0.100786888
31,Título de Bachiller,9,1,30,5.8,0.60204,1.13796,No,0.099860009,0.138414266,0.145873795
48,No completó el bachillerato,0,23,30,22.3,2.66262,4.02738,No,0.697265079,0.893551146,0.59973108
28,No completó el bachillerato,4,1,16,23.8,1.08528,2.72272,No,0.706802218,0.862387906,0.646061232
47,Superiores iniciados,16,26,221,17.6,15.791776,23.104224,Sí,0.978482417,0.975208295,0.446640081
27,Título de Bachiller,6,1,34,4.4,0.237864,1.258136,No,0.141458063,0.146719217,0.124378885
29,Título de Bachiller,6,10,65,18.4,1.98536,9.97464,No,0.426193839,0.497211564,0.472786447
21,Título de Bachiller,2,0,20,4.5,0.2907,0.6093,Sí,0.329048232,0.380251991,0.125819412
29,No completó el bachillerato,7,5,20,19.8,1.00584,2.95416,Sí,0.360900474,0.249298986,0.518816616
24,Título Superior,0,3,29,6.6,0.589512,1.324488,Sí,0.471417522,0.308259803,0.159487877
44,No completó el bachillerato,12,3,31,9.7,0.357833,2.649167,No,0.052912262,0.073273283,0.222003218
22,No completó el bachillerato,1,0,18,4.4,0.270072,0.521928,No,0.379766055,0.177079758,0.124378885
38,Título de Bachiller,13,0,59,2.4,0.407808,1.008192,No,0.029331337,0.044697304,0.09842617
52,Título de Bachiller,12,16,76,7.7,0.99484,4.85716,No,0.022921822,0.033961182,0.179864663
25,No completó el bachillerato,3,2,18,16.3,0.35208,2.58192,Sí,0.489785017,0.694945204,0.404835323
25,No completó el bachillerato,5,5,22,10.9,0.402864,1.995136,No,0.228405144,0.136131956,0.250473225
51,Título de Bachiller,27,21,166,11.5,0.82087,18.26913,No,0.000519592,0.000345652,0.265588816
38,No completó el bachillerato,21,16,58,16.5,4.58403,4.98597,No,0.043003654,0.010704815,0.411193344
44,No completó el bachillerato,9,20,33,5.2,0.545688,1.170312,No,0.021296316,0.01653755,0.136307036
24,Título de Bachiller,2,3,26,9.7,0.887744,1.634256,Sí,0.461293101,0.463144797,0.222003218
34,No completó el bachillerato,5,3,33,7.3,0.778107,1.630893,No,0.239104782,0.124099869,0.172229007
25,Título de Bachiller,6,2,26,4.5,0.0702,1.0998,No,0.122204023,0.118265679,0.125819412
45,Superiores iniciados,5,17,94,10.5,3.61242,6.25758,Sí,0.404073317,0.540470111,0.240719879
34,Título de Bachiller,4,10,25,5.8,0.56985,0.88015,No,0.149892441,0.207167626,0.145873795
27,Título Superior,2,8,23,5.7,0.319884,0.991116,Sí,0.22446827,0.136647522,0.144241548
33,Título de Bachiller,10,13,57,20.9,6.111369,5.801631,Sí,0.745230832,0.773666958,0.554799197
35,Título de Bachiller,0,16,22,15,1.9701,1.3299,Sí,0.589492479,0.619998412,0.364366949
50,Título de Bachiller,15,31,60,1.1,0.46794,0.19206,No,0.001381192,0.000739887,0.084251343
33,No completó el bachillerato,13,13,42,3.6,0.228312,1.283688,No,0.010431375,0.003220373,0.11335756
41,Superiores iniciados,13,13,91,25.2,2.316132,20.615868,Sí,0.190066872,0.23581993,0.686979179
28,No completó el bachillerato,0,2,28,33.3,2.28438,7.03962,Sí,0.964245332,0.968754436,0.864377306
38,Superiores iniciados,12,14,63,16,5.71536,4.36464,Sí,0.461942697,0.516548027,0.395358472
25,No completó el bachillerato,3,2,16,17.8,1.01104,1.83696,Sí,0.615174777,0.489746511,0.45315476
47,Título de Bachiller,4,9,33,7.1,1.19493,1.14807,Sí,0.234821562,0.435269789,0.168508494
30,Título de Bachiller,12,9,98,7.2,2.935296,4.120704,No,0.107550024,0.075334472,0.17036068
44,Título de Bachiller,12,5,86,13,1.47576,9.70424,No,0.107609227,0.170815566,0.30582859
25,No completó el bachillerato,0,2,18,18.9,0.513702,2.888298,Sí,0.732830432,0.876014025,0.489213337
41,Título de Bachiller,6,0,36,19.5,4.51386,2.50614,Sí,0.887052061,0.95027584,0.508953269
22,Superiores iniciados,0,1,18,7.7,0.47817,0.90783,No,0.52032149,0.460274878,0.179864663
35,Título de Bachiller,3,11,40,17.2,1.80256,5.07744,Sí,0.534566608,0.510171442,0.433667712
42,Título de Post-grado,6,23,190,7.8,3.15666,11.66334,No,0.165472355,0.193342467,0.181814378
38,No completó el bachillerato,3,19,23,14.7,0.831726,2.549274,No,0.216118812,0.150362714,0.355271939
23,Título de Bachiller,1,3,18,18.7,0.885258,2.480742,Sí,0.706912324,0.707448377,0.482637792
28,Superiores iniciados,2,5,30,19.9,1.52235,4.44765,No,0.720374153,0.691310212,0.522101522
52,No completó el bachillerato,19,25,89,4.7,0.397385,3.785615,No,0.001124812,0.002137513,0.128743326
25,No completó el bachillerato,9,2,20,3.5,0.105,0.595,No,0.059086838,0.031391085,0.112041425
28,Título de Bachiller,1,4,16,14.7,0.573888,1.778112,No,0.566530277,0.525670375,0.355271939
43,No completó el bachillerato,19,11,79,7.5,0.7821,5.1429,No,0.005574352,0.003779158,0.176014277
24,Título de Bachiller,3,1,24,19.1,2.172816,2.411184,No,0.790973719,0.832410344,0.495792617
34,Superiores iniciados,13,7,52,9.2,1.497392,3.286608,No,0.055018041,0.06644702,0.210845073
29,Título de Bachiller,6,9,25,4.2,0.58485,0.46515,No,0.093466314,0.086537641,0.121540265
31,No completó el bachillerato,6,9,21,8.3,0.728574,1.014426,No,0.138502891,0.062203623,0.191809606
42,Título de Bachiller,14,1,48,8.6,1.201248,2.926752,Sí,0.056185032,0.10277141,0.198005125
49,Título de Bachiller,11,1,51,15,0.54315,7.10685,No,0.129468268,0.267632325,0.364366949
39,No completó el bachillerato,22,9,73,14.3,3.726723,6.712277,No,0.030418429,0.0227131,0.343306913
45,Superiores iniciados,0,19,22,4.2,0.030492,0.893508,No,0.124931153,0.228425617,0.121540265
41,No completó el bachillerato,7,22,32,2.9,0.072384,0.855616,No,0.018357209,0.014986011,0.104422212
29,Título de Bachiller,9,0,46,1.6,0.241408,0.494592,No,0.063275166,0.045303818,0.08946956
35,Superiores iniciados,7,5,38,15.1,1.382858,4.355142,No,0.316418478,0.314630258,0.367420657
27,Título de Bachiller,5,6,25,6.8,0.7055,0.9945,No,0.18436233,0.132582169,0.163048278
28,No completó el bachillerato,4,7,19,4.1,0.286672,0.492328,No,0.14136216,0.087586408,0.120141998
48,No completó el bachillerato,17,22,66,3.2,1.46784,0.64416,No,0.003761713,0.001296234,0.108172886
24,No completó el bachillerato,2,5,18,6,0.52812,0.55188,No,0.299374283,0.253138748,0.14918422
31,No completó el bachillerato,6,12,33,4.2,0.14553,1.24047,No,0.059106274,0.018468343,0.121540265
43,No completó el bachillerato,10,9,69,6.4,0.410688,4.005312,No,0.041169076,0.03816022,0.155990732
42,No completó el bachillerato,3,10,24,10.6,0.666528,1.877472,No,0.266242525,0.259469051,0.243133698
51,Título de Bachiller,31,14,249,7.8,4.27284,15.14916,No,0.00181069,0.001468309,0.181814378
22,No completó el bachillerato,4,3,19,23.1,1.88727,2.50173,Sí,0.753090719,0.64657433,0.624721703
37,No completó el bachillerato,6,10,31,11.7,1.701063,1.925937,Sí,0.258901635,0.198493299,0.270754814
22,Superiores iniciados,1,3,25,13.8,1.97685,1.47315,Sí,0.74524464,0.780352203,0.328627227
49,Título de Bachiller,2,13,20,16.9,0.37856,3.00144,Sí,0.348909748,0.448638523,0.42399675
29,No completó el bachillerato,9,8,30,8.2,0.15498,2.30502,No,0.056688554,0.041921863,0.189777567
42,No completó el bachillerato,2,16,30,9.7,1.47246,1.43754,No,0.29394756,0.163921397,0.222003218
34,No completó el bachillerato,15,0,67,13.2,3.741012,5.102988,No,0.245765436,0.230247238,0.311445369
34,Título de Bachiller,9,7,27,1.7,0.295137,0.163863,No,0.038272417,0.051917397,0.090547584
32,Título de Bachiller,5,5,43,15,1.806,4.644,Sí,0.487140031,0.542037091,0.364366949
42,Título de Bachiller,18,23,66,9.6,1.641024,4.694976,No,0.005278529,0.004844934,0.219738277
24,No completó el bachillerato,3,0,14,16.1,0.838488,1.415512,Sí,0.594520034,0.340543304,0.398509075
34,No completó el bachillerato,16,9,48,7.6,1.473792,2.174208,No,0.020064412,0.035353157,0.177931309
26,No completó el bachillerato,10,2,32,4.7,0.126336,1.377664,No,0.05253575,0.015900074,0.128743326
30,Título de Bachiller,12,9,68,20.1,2.856612,10.811388,No,0.264548261,0.258953818,0.52866532
32,No completó el bachillerato,4,3,16,28.5,0.89376,3.66624,Sí,0.735464115,0.749166213,0.77212877
38,Superiores iniciados,13,18,25,5.7,0.343425,1.081575,No,0.008947804,0.009797841,0.144241548
43,Título de Bachiller,10,24,37,8.5,0.676175,2.468825,No,0.017477202,0.020977696,0.195923363
31,Título de Bachiller,9,8,53,13.5,1.194885,5.960115,No,0.148280993,0.109027865,0.319975239
37,Título Superior,10,18,123,17.3,3.021618,18.257382,No,0.194493459,0.117874759,0.436903006
37,Título de Bachiller,4,11,20,21.7,0.1736,4.1664,Sí,0.345178224,0.472260172,0.580633494
41,Superiores iniciados,12,11,86,26.5,4.99101,17.79899,Sí,0.646333249,0.710385623,0.722548115
32,No completó el bachillerato,0,4,20,3,0.2634,0.3366,Sí,0.331740957,0.614620155,0.105659495
22,Título de Bachiller,0,1,35,9,0.7812,2.3688,Sí,0.591389619,0.514285574,0.20649847
32,Título de Bachiller,12,3,63,18.2,5.549544,5.916456,No,0.698539002,0.716056179,0.466230163
47,Título de Bachiller,17,23,41,9.5,0.455715,3.439285,No,0.003387655,0.002281627,0.217489984
40,No completó el bachillerato,21,21,46,6.2,0.966828,1.885172,No,0.001515432,0.000666842,0.152556352
31,No completó el bachillerato,8,1,22,6.7,0.369974,1.104026,No,0.11818653,0.050740455,0.16126014
34,Superiores iniciados,7,0,27,2.2,0.125334,0.468666,No,0.097681906,0.101663812,0.096114837
52,Título Superior,13,17,234,7.7,7.38738,10.63062,No,0.398095481,0.256097261,0.179864663
28,No completó el bachillerato,2,2,17,2.5,0.199325,0.225675,Sí,0.249014584,0.478430566,0.099600308
38,Superiores iniciados,15,18,63,13.4,5.090526,3.351474,No,0.14272706,0.140456482,0.31711818
33,Título de Bachiller,10,4,26,3.1,0.030628,0.775372,No,0.037296236,0.041499373,0.106909689
39,Título de Bachiller,9,12,32,6.6,1.429824,0.682176,No,0.072591294,0.081220109,0.159487877
47,Superiores iniciados,23,11,115,4,0.6532,3.9468,No,0.001446481,0.001542253,0.118757643
36,Título de Bachiller,11,8,49,1.3,0.272636,0.364364,No,0.021069316,0.025991616,0.086304628
29,Superiores iniciados,7,2,84,13.6,6.91152,4.51248,Sí,0.924768238,0.903759482,0.32284587
48,Título Superior,14,10,59,16.5,4.935645,4.799355,Sí,0.328411065,0.479203819,0.411193344
38,Superiores iniciados,12,18,64,5.8,0.894592,2.817408,No,0.015671488,0.015884423,0.145873795
46,Título de Bachiller,9,26,15,4.3,0.014835,0.630165,No,0.009024153,0.012456421,0.122952532
27,Superiores iniciados,5,4,42,19.9,2.707992,5.650008,Sí,0.726937604,0.787394726,0.522101522
54,No completó el bachillerato,18,34,114,8.5,3.2946,6.3954,No,0.00505599,0.002669117,0.195923363
27,Título Superior,0,0,25,12.7,1.419225,1.755775,Sí,0.758254212,0.831473031,0.29751085
23,No completó el bachillerato,1,0,17,1.6,0.011696,0.260304,No,0.291990398,0.209056387,0.08946956
41,No completó el bachillerato,23,2,91,13.7,0.573482,11.893518,No,0.006723121,0.004915234,0.325729919
24,No completó el bachillerato,3,5,15,11.3,0.072885,1.622115,Sí,0.291953912,0.464712479,0.260486177
28,No completó el bachillerato,9,0,22,27.7,5.283498,0.810502,Sí,0.923999365,0.963417139,0.753074406
26,No completó el bachillerato,0,0,14,10.5,0.25578,1.21422,No,0.570108445,0.49490981,0.240719879
24,No completó el bachillerato,8,0,17,5.6,0.569296,0.382704,Sí,0.128828924,0.073711217,0.142624516
49,Título de Bachiller,22,4,79,7.3,0.28835,5.47865,No,0.003527486,0.004944197,0.172229007
28,Título de Bachiller,3,1,36,8.6,0.383904,2.712096,No,0.349545471,0.454011407,0.198005125
38,No completó el bachillerato,6,17,18,13,0.13104,2.20896,No,0.082771156,0.07517743,0.30582859
33,Título de Bachiller,2,9,37,4.5,0.834165,0.830835,No,0.243737292,0.2095824,0.125819412
26,No completó el bachillerato,8,4,25,4.7,0.210325,0.964675,No,0.074367062,0.023293582,0.128743326
36,No completó el bachillerato,9,1,40,9.8,1.97568,1.94432,No,0.257572992,0.280852019,0.224284795
37,Superiores iniciados,16,14,50,36.6,7.32,10.98,Sí,0.83408103,0.872401326,0.907750192
25,Título Superior,0,1,18,33.4,2.801592,3.210408,Sí,0.975423921,0.95497799,0.865912855
29,No completó el bachillerato,9,2,33,4.8,0.693792,0.890208,No,0.089829433,0.064154442,0.130226882
27,Título de Bachiller,8,4,38,6.9,0.364458,2.257542,No,0.096305997,0.088769594,0.164852346
45,No completó el bachillerato,17,0,62,15,2.4366,6.8634,No,0.100194275,0.060982983,0.364366949
37,No completó el bachillerato,9,8,57,5.5,1.357455,1.777545,No,0.086185318,0.066374471,0.141022623
29,Título de Bachiller,3,6,26,6.1,0.537654,1.048346,Sí,0.238697601,0.255681504,0.150862538
51,No completó el bachillerato,10,1,44,13.2,4.960032,0.847968,Sí,0.67016142,0.732332082,0.311445369
22,Superiores iniciados,0,0,23,8.4,0.372876,1.559124,Sí,0.540915699,0.621830884,0.193858196
30,Título Superior,7,10,30,15.7,0.26376,4.44624,No,0.146191577,0.083085732,0.385959603
31,No completó el bachillerato,7,2,20,12.3,0.1107,2.3493,No,0.182032927,0.376786068,0.286626307
28,No completó el bachillerato,2,0,18,14.8,1.939392,0.724608,Sí,0.757927497,0.897351357,0.358292388
35,No completó el bachillerato,10,16,39,5.7,0.217854,2.005146,No,0.020054843,0.011793775,0.144241548
25,Título Superior,1,1,34,8.5,0.13294,2.75706,Sí,0.428378429,0.509217773,0.195923363
32,Título de Bachiller,5,0,28,14.8,2.594144,1.549856,Sí,0.68755814,0.792137546,0.358292388
33,No completó el bachillerato,2,10,24,9.6,1.041408,1.262592,No,0.344199797,0.17105028,0.219738277
28,Título de Bachiller,3,4,41,25.1,5.896743,4.394257,Sí,0.977033207,0.972009139,0.68414196
46,Superiores iniciados,4,17,73,5.4,2.223288,1.718712,No,0.199080216,0.19548208,0.139435797
41,No completó el bachillerato,24,12,83,14,6.58854,5.03146,No,0.070606333,0.117449607,0.334460979
42,Título de Bachiller,11,5,73,6.8,2.869192,2.094808,No,0.164981784,0.154687881,0.163048278
41,Título Superior,9,13,47,5,0.4371,1.9129,No,0.034262174,0.01912612,0.133237611
26,No completó el bachillerato,3,5,29,25.7,2.526567,4.926433,Sí,0.857059752,0.837779241,0.700953572
47,No completó el bachillerato,27,8,113,9.2,2.380684,8.015316,No,0.002973617,0.0009647,0.210845073
29,No completó el bachillerato,1,3,18,25.6,1.98144,2.62656,Sí,0.892600597,0.855808736,0.698187369
34,No completó el bachillerato,3,14,36,4.7,0.624348,1.067652,No,0.131965059,0.114280825,0.128743326
36,No completó el bachillerato,7,2,43,6.2,1.03974,1.62626,No,0.181128207,0.200800192,0.152556352
38,Título de Bachiller,7,4,64,3,0.65088,1.26912,No,0.101882333,0.092819419,0.105659495
41,Título de Bachiller,4,14,26,19.2,1.47264,3.51936,Sí,0.41087301,0.55766614,0.499082945
46,No completó el bachillerato,9,23,31,13.8,1.617084,2.660916,No,0.063066022,0.146304832,0.328627227
40,Superiores iniciados,3,15,55,16.5,1.751475,7.323525,Sí,0.431053834,0.449834631,0.411193344
44,Título de Bachiller,17,0,129,2.5,0.551475,2.673525,No,0.012387857,0.009242397,0.099600308
35,Superiores iniciados,10,15,39,10.4,1.60212,2.45388,No,0.069154798,0.046213547,0.23832248
36,No completó el bachillerato,20,15,60,5.4,1.05624,2.18376,No,0.003079673,0.000641398,0.139435797
28,Título de Bachiller,0,3,30,4.8,0.12096,1.31904,Sí,0.367765701,0.419125529,0.130226882
29,Título de Bachiller,6,7,18,5.1,0.44982,0.46818,Sí,0.108373074,0.133624931,0.134764946
23,Título de Bachiller,3,3,22,11.4,1.274064,1.233936,Sí,0.493419829,0.476901542,0.263029539
41,Título de Bachiller,7,17,63,15.4,4.637556,5.064444,No,0.536482529,0.490576768,0.376644987
25,No completó el bachillerato,1,1,19,6.9,0.190095,1.120905,No,0.402046071,0.351605012,0.164852346
45,Título de Bachiller,2,19,29,5.4,0.443178,1.122822,No,0.110136494,0.114909237,0.139435797
48,Título de Bachiller,30,14,148,7.2,3.974688,6.681312,No,0.001844986,0.001200494,0.17036068
38,No completó el bachillerato,18,7,45,7,0.5355,2.6145,No,0.008147657,0.004555016,0.1666724
29,No completó el bachillerato,6,4,46,5.4,1.169964,1.314036,No,0.193939822,0.073253457,0.139435797
42,Título Superior,15,8,186,3.6,2.403864,4.292136,No,0.032772869,0.012513342,0.11335756
31,No completó el bachillerato,11,12,47,10.9,2.863757,2.259243,No,0.138052759,0.039065979,0.250473225
40,No completó el bachillerato,3,13,23,6.9,0.409446,1.177554,No,0.15040843,0.126245777,0.164852346
26,No completó el bachillerato,2,6,21,19.8,1.022868,3.135132,No,0.638773294,0.374274864,0.518816616
25,No completó el bachillerato,6,6,22,20.2,2.261996,2.182004,No,0.585398831,0.453776057,0.531943648
53,Título Superior,7,11,61,7.9,1.874591,2.944409,No,0.166379006,0.163983491,0.183780492
50,Superiores iniciados,18,27,102,14.1,5.781564,8.600436,No,0.057645158,0.068585215,0.337397088
47,No completó el bachillerato,31,9,136,23.1,14.231448,17.184552,Sí,0.759645308,0.902404221,0.624721703
23,No completó el bachillerato,1,0,21,8.4,1.210104,0.553896,Sí,0.598966729,0.34713266,0.193858196
37,Superiores iniciados,12,8,83,4.1,0.319882,3.083118,No,0.021731469,0.025722919,0.120141998
41,No completó el bachillerato,24,15,100,11.5,5.06,6.44,No,0.019499657,0.004621961,0.265588816
28,Título de Bachiller,0,7,29,13.3,2.148349,1.708651,Sí,0.739844454,0.758224584,0.314274841
31,No completó el bachillerato,7,11,41,30.7,2.995706,9.591294,Sí,0.739498668,0.719404557,0.81905057
41,Título de Bachiller,6,1,19,6.3,0.124488,1.072512,No,0.154401284,0.260756585,0.154265728
36,No completó el bachillerato,7,17,40,9.9,1.69488,2.26512,No,0.116559267,0.078404432,0.22658299
41,No completó el bachillerato,1,16,19,4.4,0.241604,0.594396,No,0.141027593,0.164085768,0.124378885
53,Título de Bachiller,16,31,44,5.6,1.333024,1.130976,No,0.002643162,0.001728988,0.142624516
31,Título de Bachiller,6,5,25,11.5,2.331625,0.543375,No,0.42511748,0.363858731,0.265588816
28,Título de Bachiller,5,6,25,2.9,0.338575,0.386425,No,0.114908562,0.140524578,0.104422212
48,No completó el bachillerato,28,25,70,12,4.3344,4.0656,No,0.002300909,0.003278109,0.278621202
23,Título de Bachiller,0,1,42,3.9,1.018836,0.619164,Sí,0.513925992,0.573794389,0.117387111
31,No completó el bachillerato,11,6,34,6.8,0.298248,2.013752,No,0.040078548,0.012844578,0.163048278
27,No completó el bachillerato,6,6,43,4.9,0.882833,1.224167,No,0.142367945,0.045794399,0.13172495
43,No completó el bachillerato,11,17,37,1.3,0.179894,0.301106,No,0.009727787,0.003445825,0.086304628
29,Título de Bachiller,5,7,28,18.7,2.125816,3.110184,No,0.573439482,0.493363743,0.482637792
53,No completó el bachillerato,6,7,27,6.4,0.594432,1.133568,Sí,0.128996675,0.457984449,0.155990732
38,No completó el bachillerato,4,9,19,13.6,1.245488,1.338512,No,0.35925924,0.353876688,0.32284587
30,No completó el bachillerato,12,10,38,8.5,0.17119,3.05881,No,0.024932341,0.006685011,0.195923363
28,Superiores iniciados,2,0,20,9.4,0.23312,1.64688,Sí,0.42238755,0.417274777,0.215258348
36,No completó el bachillerato,11,2,33,32.5,1.26555,9.45945,No,0.492921785,0.459357982,0.851553661
48,No completó el bachillerato,15,5,60,2.1,0.3213,0.9387,No,0.011353608,0.036417714,0.094977452
31,No completó el bachillerato,12,9,24,6.6,0.441936,1.142064,No,0.02665751,0.018829855,0.159487877
35,No completó el bachillerato,16,10,57,10.5,1.143135,4.841865,No,0.019776672,0.011858341,0.240719879
50,No completó el bachillerato,4,4,23,12.5,0.140875,2.734125,No,0.28856006,0.268133317,0.292038788
42,Título de Bachiller,12,9,55,15,2.53275,5.71725,No,0.160004694,0.207225497,0.364366949
40,No completó el bachillerato,2,3,28,7.1,0.184884,1.803116,No,0.312733954,0.335673703,0.168508494
37,Título de Bachiller,0,13,31,0.9,0.118017,0.160983,Sí,0.154439813,0.233322779,0.082242512
31,Superiores iniciados,6,8,54,2.8,0.402192,1.109808,No,0.081733963,0.09526185,0.103197745
38,No completó el bachillerato,11,13,35,8,1.2656,1.5344,No,0.043750417,0.015030705,0.185763039
35,No completó el bachillerato,15,1,77,10.6,5.501188,2.660812,No,0.395682696,0.352862765,0.243133698
44,No completó el bachillerato,24,10,101,5.6,2.992024,2.663976,No,0.005393471,0.001375939,0.142624516
44,Título de Bachiller,21,14,113,13.2,3.192024,11.723976,No,0.017482459,0.017772336,0.311445369
33,No completó el bachillerato,0,12,23,0.9,0.077418,0.129582,No,0.162164225,0.070973436,0.082242512
35,No completó el bachillerato,7,14,29,4.9,0.264306,1.156694,No,0.045532071,0.015393501,0.13172495
36,Superiores iniciados,10,4,43,13,0.96148,4.62852,No,0.136621644,0.210073251,0.30582859
23,Título de Bachiller,3,4,24,6.3,0.55188,0.96012,No,0.274574171,0.305546261,0.154265728
27,No completó el bachillerato,0,7,18,12.8,0.582912,1.721088,No,0.525985166,0.286215903,0.300268933
34,No completó el bachillerato,6,1,20,1.2,0.04248,0.19752,No,0.09996262,0.262585048,0.085272382
35,No completó el bachillerato,0,5,34,11.1,1.369962,2.404038,Sí,0.638174661,0.656170449,0.255447474
24,Título de Bachiller,4,4,20,3.7,0.32412,0.41588,No,0.171627763,0.197757804,0.114687159
48,No completó el bachillerato,30,8,101,6.4,1.87456,4.58944,No,0.00084111,0.000591556,0.155990732
26,Título de Bachiller,8,1,40,11.8,0.44368,4.27632,No,0.179855997,0.18001206,0.273361376
40,No completó el bachillerato,6,9,36,2.1,0.390852,0.365148,Sí,0.071190292,0.188448598,0.094977452
34,No completó el bachillerato,9,8,48,9.3,0.419616,4.044384,No,0.071551663,0.053967236,0.213043376
35,No completó el bachillerato,17,4,42,3,0.09324,1.16676,No,0.007231939,0.014853841,0.105659495
30,No completó el bachillerato,7,2,33,25.4,1.165098,7.216902,Sí,0.564101779,0.532724219,0.692611686
20,No completó el bachillerato,4,0,14,9.7,0.200984,1.157016,Sí,0.312145073,0.119565221,0.222003218
36,Título Superior,1,17,30,11.5,0.3243,3.1257,No,0.229003012,0.159674744,0.265588816
21,No completó el bachillerato,1,1,16,6.3,0.14112,0.86688,No,0.382731699,0.299956004,0.154265728
34,No completó el bachillerato,18,10,53,10.5,0.840315,4.724685,No,0.010333379,0.017874981,0.240719879
35,No completó el bachillerato,7,5,39,16.1,1.701609,4.577391,Sí,0.377688744,0.400253852,0.398509075
35,Superiores iniciados,1,4,20,7.9,0.8532,0.7268,No,0.45699181,0.496680355,0.183780492
34,No completó el bachillerato,10,1,33,10.3,2.501664,0.897336,Sí,0.277740293,0.24480922,0.235941537
33,No completó el bachillerato,12,12,68,10.8,1.365984,5.978016,No,0.050153882,0.035175575,0.248010418
30,No completó el bachillerato,4,2,18,10.7,0.227268,1.698732,No,0.299585258,0.23862774,0.245563892
24,Título de Bachiller,0,5,16,7.3,0.024528,1.143472,No,0.368444933,0.37735777,0.172229007
47,No completó el bachillerato,31,8,253,7.2,9.308376,8.907624,No,0.047771824,0.021034315,0.17036068
53,No completó el bachillerato,0,26,27,28.9,2.754459,5.048541,Sí,0.773074676,0.81520258,0.781258853
22,Superiores iniciados,0,2,20,4.7,0.21902,0.72098,No,0.398143401,0.335897933,0.128743326
48,Título de Bachiller,6,1,66,12.1,2.31594,5.67006,No,0.516782262,0.654408469,0.281274284
36,Título de Bachiller,6,15,27,4.6,0.262062,0.979938,Sí,0.051703079,0.053385657,0.127274197
29,Título de Bachiller,6,4,21,11.5,0.369495,2.045505,No,0.206713345,0.265625945,0.265588816
33,No completó el bachillerato,15,3,32,7.6,0.491264,1.940736,No,0.023626992,0.007907742,0.177931309
45,No completó el bachillerato,19,22,77,8.4,2.302608,4.165392,No,0.005899321,0.003734528,0.193858196
37,No completó el bachillerato,12,14,44,14.7,2.994684,3.473316,No,0.138690005,0.094587515,0.355271939
