"Year_Birth","Education","Marital_Status","Income","Kidhome","Teenhome","Recency","MntWines","MntFruits","MntMeatProducts","MntFishProducts","MntSweetProducts","MntGoldProds","NumDealsPurchases","NumWebPurchases","NumCatalogPurchases","NumStorePurchases","NumWebVisitsMonth","AcceptedCmp3","AcceptedCmp4","AcceptedCmp5","AcceptedCmp1","AcceptedCmp2","Complain","Response"
1957,"Graduation","Single",58138,0,0,58,635,88,546,172,88,88,3,8,10,4,7,0,0,0,0,0,0,1
1974,"PhD","Together",30351,1,0,19,14,0,24,3,3,2,1,3,0,2,9,0,0,0,0,0,0,1
1946,"PhD","Single",82800,0,0,23,1006,22,115,59,68,45,1,7,6,12,3,0,0,1,1,0,0,1
1952,"PhD","Divorced",46610,0,2,8,96,12,96,33,22,43,6,4,1,6,6,0,0,0,0,0,0,1
1943,"PhD","Divorced",48948,0,0,53,437,8,206,160,49,42,2,7,10,5,6,1,0,0,0,0,0,1
1996,"2n Cycle","Married",7500,0,0,24,3,18,14,15,22,50,3,3,1,3,9,0,0,0,0,0,0,1
1977,"Graduation","Divorced",82582,0,0,54,510,120,550,156,40,241,1,4,9,7,1,1,0,0,1,0,0,1
1955,"Master","Together",82384,0,0,55,984,51,432,180,120,190,1,3,10,13,1,0,0,1,0,0,0,1
1966,"Graduation","Divorced",70287,0,0,30,295,35,482,121,120,40,1,5,5,10,3,0,0,0,0,0,0,1
1982,"Master","Single",75777,0,0,12,712,26,538,69,13,80,1,3,6,11,1,0,1,1,0,0,0,1
1971,"Graduation","Married",25721,1,0,75,1,3,6,3,6,15,1,1,1,2,7,0,0,0,0,0,0,1
1979,"2n Cycle","Single",88194,0,1,19,688,14,309,201,24,38,1,11,10,10,5,1,0,0,1,0,0,1
1972,"Master","Married",75251,0,0,34,721,111,925,97,18,18,1,7,6,5,5,0,0,0,0,0,0,1
1976,"Graduation","Single",75825,0,0,40,1032,105,779,137,105,51,0,5,8,9,4,1,0,0,0,0,0,1
1965,"Graduation","Together",56046,0,0,9,577,0,64,0,0,51,2,10,1,8,8,1,0,0,0,0,0,1
1957,"Graduation","Single",50388,0,1,3,292,6,37,0,3,34,4,6,1,6,7,0,1,0,1,0,0,1
1959,"Graduation","Married",87195,0,0,35,217,76,690,50,26,38,1,3,11,5,1,0,0,0,0,0,0,1
1991,"PhD","Single",68126,0,0,40,1332,17,311,23,51,86,1,7,4,5,9,0,1,0,0,0,0,1
1991,"Graduation","Single",86037,0,0,95,490,44,125,29,20,22,1,6,7,11,3,0,1,1,0,0,0,1
1967,"Master","Single",32557,1,0,13,34,3,29,0,4,10,3,2,1,3,5,0,0,0,0,0,0,1
1983,"Graduation","Single",101970,0,0,69,722,27,102,44,72,168,0,6,8,13,2,0,1,1,1,0,0,1
1984,"Graduation","Single",79607,0,0,37,450,133,951,173,0,216,1,3,6,6,1,0,0,0,0,0,0,1
1976,"Master","Together",65104,0,1,4,738,0,232,13,20,50,2,3,5,7,7,0,0,0,0,0,0,1
1975,"Graduation","Married",23957,1,0,47,2,1,18,20,11,16,1,2,0,3,6,0,0,0,0,0,0,1
1949,"Graduation","Together",69372,0,0,10,997,26,269,34,13,42,1,10,4,6,4,0,1,1,0,0,0,1
1948,"PhD","Married",83837,0,0,79,847,66,119,86,89,111,1,9,10,5,4,0,1,0,1,0,0,1
1973,"PhD","Single",46854,1,1,81,96,1,79,7,1,79,6,5,1,3,8,1,0,0,0,0,0,1
1977,"PhD","Together",102160,0,0,54,763,29,138,76,176,58,0,7,9,10,4,0,1,1,1,0,0,1
1984,"Master","Single",18890,0,0,5,6,4,1,7,2,15,1,0,1,2,6,1,0,0,0,0,0,1
1954,"Graduation","Divorced",64497,0,1,17,1170,48,320,42,32,192,5,11,4,9,8,1,0,0,0,0,0,1
1966,"Graduation","Single",37070,1,1,30,231,7,137,4,15,39,9,5,1,8,7,0,0,0,0,0,0,1
1990,"Graduation","Married",73687,0,0,8,559,153,503,218,13,181,1,3,9,9,2,0,0,0,1,0,0,1
1972,"Graduation","Married",80134,1,0,40,1218,16,272,104,0,80,2,5,3,6,6,0,1,1,1,0,0,1
1974,"Graduation","Divorced",102692,0,0,5,168,148,444,32,172,148,1,6,9,13,2,0,1,1,1,1,0,1
1979,"Graduation","Divorced",15287,1,0,60,1,2,8,4,3,13,2,1,1,2,7,1,0,0,0,0,0,1
1952,"Master","Together",43776,1,1,9,177,2,71,3,2,20,6,5,2,4,8,0,0,0,0,0,0,1
1970,"PhD","Married",38097,1,1,70,77,2,35,0,1,69,4,3,2,2,7,1,0,0,0,0,0,1
1953,"Graduation","Single",69267,0,0,31,778,44,499,95,73,146,2,3,4,5,7,0,0,0,0,0,0,1
1956,"Graduation","Single",60714,0,0,56,216,162,224,101,92,162,2,7,4,10,5,0,0,0,0,0,0,1
1986,"PhD","Single",69867,0,0,30,196,0,512,33,130,54,1,3,5,8,1,0,0,0,1,0,0,1
1966,"Graduation","Widow",27038,0,0,64,1,26,25,17,23,15,1,3,0,3,9,0,0,0,0,0,0,1
1956,"PhD","Married",66334,0,1,82,909,11,218,0,0,23,2,9,3,5,5,0,0,0,0,0,0,1
1971,"Master","Married",35178,1,0,10,23,1,13,2,2,18,1,1,1,2,7,1,0,0,0,0,0,1
1968,"Graduation","Divorced",75693,0,0,10,797,153,293,72,97,30,1,11,4,6,4,0,1,1,1,0,0,1
1965,"Graduation","Together",83003,0,0,18,856,61,570,40,25,122,1,7,6,8,3,0,0,1,0,0,0,1
1973,"Basic","Together",27190,1,0,13,1,6,7,0,1,3,1,1,0,2,8,1,0,0,0,0,0,1
1970,"Graduation","Divorced",84835,0,0,0,189,104,379,111,189,218,1,4,4,6,1,0,0,0,0,0,0,1
1966,"PhD","Single",69759,0,0,38,452,20,514,13,30,0,3,4,6,5,3,0,0,0,0,0,0,1
1972,"PhD","Single",38578,1,1,2,38,4,22,3,3,3,3,3,0,3,8,0,0,0,0,0,0,1
1970,"Graduation","Single",22585,0,0,23,3,9,15,13,2,39,1,1,1,2,9,1,0,0,0,0,0,1
1968,"Master","Together",43795,0,1,11,314,11,53,4,3,107,3,7,3,4,7,0,1,0,0,0,0,1
1984,"Graduation","Together",15345,1,0,51,5,2,16,3,2,19,2,1,1,2,8,0,0,0,0,0,0,1
1980,"2n Cycle","Together",14515,1,0,71,6,4,9,6,36,35,4,2,2,3,7,0,0,0,0,0,0,1
1955,"PhD","Single",55521,1,2,11,416,0,26,0,0,4,9,6,3,6,7,0,1,0,0,0,0,1
1972,"PhD","Single",27213,1,0,19,19,3,26,10,9,3,3,2,0,4,8,0,0,0,0,0,0,1
1982,"2n Cycle","Single",23616,1,0,76,4,22,11,3,7,32,2,3,0,3,8,0,0,0,0,0,0,1
1981,"Graduation","Single",91065,0,0,33,822,114,108,179,137,114,1,7,9,9,3,0,0,1,1,0,0,1
1974,"Master","Married",82584,0,0,26,1076,68,103,29,91,68,1,3,4,8,1,0,1,1,0,0,0,1
1961,"PhD","Single",84865,0,0,1,1248,16,349,43,16,16,1,2,4,9,4,0,1,1,1,1,0,1
1966,"2n Cycle","Single",89572,0,0,44,606,24,974,197,194,64,1,7,7,9,4,0,1,0,1,0,0,1
1984,"Master","Married",42207,1,0,71,116,11,72,3,17,46,4,4,1,5,6,1,0,0,0,0,0,1
1964,"Graduation","Married",60597,0,1,2,522,0,257,32,16,66,4,2,2,8,7,0,0,0,1,0,0,1
1955,"PhD","Together",75261,0,0,17,1239,17,413,23,34,17,1,5,6,5,2,0,1,1,0,0,0,1
1980,"Graduation","Married",37406,1,0,18,2,0,8,2,2,3,1,1,0,2,8,0,0,0,0,0,0,1
1981,"PhD","Together",56937,1,0,81,746,8,125,11,8,8,7,8,6,9,6,0,1,0,0,0,0,1
1974,"Graduation","Single",32233,1,0,26,138,15,35,25,11,72,2,6,2,2,9,1,0,0,0,0,0,1
1964,"PhD","Divorced",78825,0,0,35,483,74,114,169,37,18,1,5,10,13,3,0,0,0,0,0,0,1
1987,"Graduation","Married",25545,1,0,35,32,1,64,16,12,85,3,2,2,3,6,0,0,0,0,0,0,1
1967,"Graduation","Divorced",76982,0,0,19,464,151,292,65,60,30,1,8,3,4,4,0,0,1,0,0,0,1
1982,"PhD","Married",84169,0,0,9,1478,19,403,0,19,0,1,7,6,6,3,0,1,1,0,0,0,1
1964,"Graduation","Widow",85620,0,0,68,416,46,925,60,107,46,1,3,6,4,1,0,0,0,0,0,0,1
1968,"Graduation","Married",19514,1,1,47,14,3,21,2,1,28,4,3,1,2,8,1,0,0,0,0,0,1
1989,"Graduation","Single",21474,1,0,0,6,16,24,11,0,34,2,3,1,2,7,1,0,0,0,0,0,1
1949,"Master","Married",81698,0,0,4,179,28,520,111,123,47,1,3,8,13,1,0,0,0,0,0,0,1
1959,"Graduation","Together",87771,0,1,61,1492,38,287,50,57,33,1,5,10,4,6,0,1,1,1,1,0,1
1977,"PhD","Married",61996,0,1,27,1050,12,144,0,0,24,3,6,4,8,5,0,1,0,1,1,0,1
1955,"Graduation","Widow",79800,0,0,65,1060,21,530,32,0,224,1,5,11,5,3,1,0,1,1,0,0,1
1984,"PhD","Single",39684,1,0,41,19,0,35,6,4,17,2,2,1,2,7,0,0,0,0,0,1,1
1975,"Master","Married",92163,0,0,25,817,183,797,106,163,20,0,5,11,5,2,0,0,1,1,0,0,1
1975,"Master","Together",17459,1,0,12,6,4,16,3,10,30,3,3,1,2,7,0,0,0,0,0,0,1
1986,"Master","Single",21888,1,0,15,88,10,46,2,3,64,4,5,1,2,10,0,0,0,0,0,0,1
1969,"PhD","Single",48240,0,0,73,389,91,248,64,49,41,3,6,3,13,5,0,0,0,0,0,0,1
1960,"Graduation","Together",70971,0,1,28,1001,17,572,93,125,17,7,11,11,5,7,0,0,0,0,0,0,1
1960,"2n Cycle","Single",32218,0,0,27,10,24,15,13,1,30,1,2,1,3,7,1,0,0,0,0,0,1
1973,"Graduation","Single",83917,0,0,12,514,22,732,42,198,79,1,6,7,7,3,0,0,0,0,0,0,1
1950,"Master","Divorced",63120,0,1,53,965,69,279,54,41,69,5,8,4,9,7,0,0,0,0,0,0,1
1947,"Master","Together",77632,0,0,73,1200,105,758,0,42,147,1,4,2,6,2,0,1,1,0,0,0,1
1970,"Graduation","Together",105471,0,0,36,1009,181,104,202,21,207,0,9,8,13,3,0,0,1,1,0,0,1
1963,"PhD","Married",81300,0,1,17,1004,12,145,32,12,36,3,10,3,5,5,0,0,0,1,0,0,1
1985,"2n Cycle","Married",36145,1,0,13,56,4,76,17,1,18,4,4,1,3,9,1,0,0,0,0,0,1
1972,"PhD","Single",86857,0,0,96,899,102,838,133,102,40,1,5,6,10,2,0,0,0,0,0,0,1
1960,"PhD","Divorced",50611,0,1,98,459,0,24,6,0,4,6,4,5,7,6,0,1,0,0,0,0,1
1949,"Master","Widow",47570,1,1,3,67,1,20,0,2,31,3,2,2,2,7,0,0,0,0,0,0,1
1949,"PhD","Single",26518,1,1,33,20,1,28,3,3,2,3,2,0,3,8,0,0,0,0,0,0,1
1988,"Master","Single",90247,0,0,27,1184,32,352,21,16,16,1,3,4,7,1,0,1,1,1,0,0,1
1971,"Master","Married",35178,1,0,10,23,1,13,2,2,18,1,1,1,2,7,1,0,0,0,0,0,1
1960,"2n Cycle","Divorced",87305,0,0,19,345,25,501,63,138,80,1,5,3,8,2,0,0,1,0,0,0,1
1976,"Graduation","Married",7500,1,0,19,7,0,12,13,7,32,5,4,1,2,9,1,0,0,0,0,0,1
1949,"Graduation","Married",72025,0,0,46,967,0,617,43,50,0,1,4,8,13,2,0,1,1,1,0,0,1
1954,"2n Cycle","Married",63564,0,0,0,769,80,252,15,34,65,1,10,10,7,6,1,0,0,0,0,0,1
1969,"Graduation","Married",80952,0,0,20,778,178,689,41,27,44,1,8,5,11,8,0,1,1,1,0,0,1
1972,"PhD","Together",62220,0,1,55,799,12,375,16,12,12,5,7,6,5,6,0,0,0,0,0,0,1
1978,"PhD","Single",31626,1,0,12,39,1,9,2,1,34,1,2,1,2,7,1,0,0,0,0,0,1
1965,"Graduation","Single",42720,1,1,9,392,5,91,28,26,112,8,7,3,7,8,0,0,0,0,0,0,1
1968,"PhD","Divorced",42564,0,1,28,324,48,186,39,18,198,6,6,8,4,7,1,0,0,0,0,0,1
1957,"PhD","Married",82017,0,0,58,184,23,446,30,23,23,1,5,4,7,2,0,1,1,1,0,0,1
1958,"Graduation","Married",48192,0,0,76,1039,43,204,153,58,29,3,2,8,12,8,0,1,0,1,1,0,1
1972,"Graduation","Single",21359,1,0,1,12,2,17,6,1,10,2,2,0,3,8,0,0,0,0,0,0,1
1980,"PhD","Single",76412,0,0,15,840,53,804,23,71,17,1,5,4,8,3,0,0,1,1,0,0,1
1961,"Graduation","Single",57091,0,0,0,464,5,64,7,0,37,1,7,3,7,5,0,0,0,0,1,0,1
1959,"Graduation","Together",87771,0,1,61,1492,38,287,50,57,33,1,5,10,4,6,0,1,1,1,1,0,1
1970,"Graduation","Together",81205,0,0,43,724,74,929,97,55,130,1,5,6,7,2,1,0,1,0,1,0,1
1974,"PhD","Married",46374,0,1,1,408,0,21,0,0,17,3,7,1,7,8,0,1,0,1,0,0,1
1972,"Graduation","Single",24762,1,0,16,6,10,12,3,15,40,3,3,1,2,8,1,0,0,0,0,0,1
1972,"PhD","Single",86857,0,0,96,899,102,838,133,102,40,1,5,6,10,2,0,0,0,0,0,0,1
1943,"PhD","Divorced",48948,0,0,53,437,8,206,160,49,42,2,7,10,5,6,1,0,0,0,0,0,1
1956,"Graduation","Together",64090,0,1,8,316,58,161,76,51,135,1,6,9,4,5,0,0,0,0,0,0,1
1961,"Graduation","Single",86429,0,0,10,464,28,873,29,18,37,0,7,4,7,2,0,0,0,1,0,0,1
1963,"PhD","Widow",52278,0,1,24,953,0,71,0,0,174,6,10,5,10,8,0,0,0,0,0,0,1
1972,"Master","Married",35641,1,0,11,63,3,67,8,9,28,2,3,1,4,7,0,0,0,0,0,0,1
1994,"Graduation","Single",95529,0,0,29,770,29,890,250,27,24,1,7,3,7,3,0,0,1,0,0,0,1
1982,"PhD","Married",84169,0,0,9,1478,19,403,0,19,0,1,7,6,6,3,0,1,1,0,0,0,1
1969,"Master","Single",39858,1,0,67,15,20,25,2,7,26,1,2,0,4,6,0,0,0,0,0,0,1
1983,"Graduation","Divorced",82025,0,0,76,267,98,606,48,70,98,1,3,2,6,1,0,0,1,0,0,0,1
1953,"Graduation","Together",94384,0,0,62,1111,24,790,160,45,172,0,5,8,5,2,0,1,1,1,0,0,1
1973,"Master","Divorced",44051,1,1,20,79,7,58,6,3,18,4,3,1,4,6,0,0,0,0,0,0,1
1965,"Graduation","Married",59754,0,1,96,115,27,44,4,146,139,3,5,2,6,5,0,0,0,0,0,0,1
1969,"Master","Together",41021,1,0,12,14,7,9,6,16,12,2,2,0,3,6,0,0,0,0,0,0,1
1973,"Graduation","Married",92955,0,0,35,693,21,925,31,24,84,1,6,7,9,2,0,0,1,1,0,0,1
1974,"PhD","Married",34596,1,0,48,14,0,2,0,0,7,1,1,0,2,8,0,0,0,0,0,0,1
1950,"Graduation","Married",80763,0,0,17,674,168,108,192,42,231,1,5,11,6,3,0,0,1,1,0,0,1
1969,"Graduation","Married",75759,0,0,46,1394,22,708,89,91,182,1,9,7,9,5,1,0,1,1,0,0,1
1954,"Graduation","Divorced",85683,0,0,6,1296,17,311,45,69,51,1,2,4,10,1,0,1,1,1,1,0,1
1956,"PhD","Widow",78028,0,1,38,158,19,288,25,0,38,1,6,4,9,7,0,1,1,0,0,0,1
1987,"PhD","Single",95169,0,0,1,1285,21,449,106,20,20,1,4,3,4,1,0,0,1,1,0,0,1
1981,"2n Cycle","Married",56337,1,1,25,349,16,144,28,5,182,5,8,5,4,8,1,0,0,1,0,0,1
1954,"Graduation","Single",36130,0,1,46,157,43,127,68,56,37,6,3,8,4,4,1,0,0,0,0,0,1
1953,"PhD","Together",64504,1,2,81,986,36,168,16,0,108,7,11,3,4,7,0,0,0,0,0,0,1
1978,"Graduation","Single",28647,1,0,54,19,8,29,0,12,26,1,2,2,2,7,1,0,0,0,0,0,1
1971,"Graduation","Together",74538,0,0,21,380,98,733,110,112,28,1,8,8,5,3,0,0,1,0,0,0,1
1971,"Graduation","Single",91700,0,0,58,576,172,961,125,115,19,1,8,6,5,3,0,0,0,0,0,0,1
1971,"PhD","Married",37126,1,0,9,45,3,9,4,4,7,1,1,2,2,6,1,0,0,0,0,0,1
1986,"Graduation","Together",34728,1,0,2,14,0,16,0,0,6,1,1,1,2,6,0,0,0,0,0,0,1
1984,"Graduation","Together",35196,1,0,68,75,12,141,43,39,187,6,6,1,5,8,0,0,0,0,0,0,1
1970,"2n Cycle","Divorced",25959,1,1,1,4,2,12,7,5,26,2,1,2,2,6,0,0,0,0,0,0,1
1987,"PhD","Single",42000,0,0,23,124,83,267,85,59,35,2,5,2,11,5,0,0,0,0,0,0,1
1992,"Graduation","Single",83528,0,0,7,530,117,678,134,44,147,1,4,10,8,1,1,0,0,1,0,0,1
1971,"Graduation","Married",36715,1,0,16,172,10,125,21,13,16,6,7,2,4,9,0,0,0,0,0,0,1
1956,"Graduation","Married",79456,0,0,12,565,42,548,64,83,99,1,5,6,4,3,0,0,0,0,0,0,1
1970,"Master","Single",75345,0,0,16,918,57,842,99,38,133,1,5,8,6,3,0,0,0,1,0,0,1
1958,"PhD","Together",84460,0,0,80,152,27,103,106,54,81,0,9,9,4,5,0,1,1,1,1,0,1
1958,"PhD","Single",71691,0,0,0,336,130,411,240,32,43,1,4,7,5,2,0,0,0,0,0,0,1
1975,"Graduation","Divorced",83829,0,0,78,897,161,430,186,161,27,0,4,7,6,1,1,0,1,1,0,0,1
1983,"2n Cycle","Single",81698,0,0,1,709,45,115,30,160,45,1,8,2,5,5,0,0,0,1,0,0,1
1983,"PhD","Married",33569,1,0,10,16,2,18,3,0,24,1,1,1,2,8,1,0,0,0,0,0,1
1983,"Master","Married",36262,0,0,24,88,39,54,64,28,153,1,3,5,3,6,1,0,0,0,0,0,1
1962,"Graduation","Divorced",39552,1,1,54,165,3,147,4,24,41,7,6,2,5,8,0,0,0,0,0,0,1
1952,"2n Cycle","Divorced",63998,0,0,42,176,29,818,0,33,112,1,7,6,11,4,0,0,0,0,0,0,1
1985,"Graduation","Single",72903,0,0,74,1067,138,750,0,19,39,1,7,5,8,4,0,1,1,1,0,0,1
1962,"PhD","Divorced",85696,0,0,88,714,76,395,116,0,12,1,4,6,9,1,0,0,0,0,0,0,1
1981,"Graduation","Together",42162,1,0,31,46,7,59,2,4,27,2,3,1,3,6,1,0,0,0,0,0,1
1986,"Graduation","Single",26576,1,0,40,10,0,8,0,0,9,1,1,0,2,9,1,0,0,0,0,0,1
1974,"Graduation","Together",83145,0,0,14,777,35,731,39,137,114,1,5,9,11,2,0,0,1,0,0,0,1
1976,"Graduation","Married",46049,1,1,11,342,9,112,19,14,19,10,5,2,9,7,0,0,0,0,0,0,1
1961,"PhD","Divorced",54959,0,1,55,1148,0,60,0,0,24,3,9,5,4,7,0,1,0,0,0,0,1
1970,"Master","Divorced",78579,0,0,35,816,66,549,216,66,99,1,5,6,4,3,0,0,0,0,0,0,1
1969,"Master","Widow",67369,0,1,81,1298,0,70,37,14,42,4,7,4,10,4,0,1,1,0,0,0,1
1979,"Graduation","Divorced",15287,1,0,60,1,2,8,4,3,13,2,1,1,2,7,1,0,0,0,0,0,1
1975,"Graduation","Single",42160,1,1,26,48,9,45,3,15,20,4,2,1,4,6,0,0,0,0,0,0,1
1986,"Graduation","Married",22518,1,0,36,11,7,12,2,2,27,2,2,1,2,5,1,0,0,0,0,0,1
1965,"PhD","Married",69969,0,0,64,882,29,514,38,29,44,1,4,2,6,3,0,0,1,1,0,0,1
1967,"PhD","Married",77766,0,1,97,1004,59,265,115,59,27,2,11,10,11,6,1,0,0,0,0,0,1
1970,"PhD","Married",55158,1,1,72,293,0,87,4,11,23,4,7,2,5,7,0,0,0,0,0,0,1
1955,"2n Cycle","Married",62972,0,1,39,313,15,47,20,0,192,2,7,4,3,6,0,0,0,0,0,0,1
1983,"PhD","Divorced",90687,0,0,98,982,17,672,23,34,51,1,6,2,8,2,0,0,1,0,0,0,1
1952,"Graduation","Single",47139,1,1,2,46,0,12,0,2,23,2,2,1,2,7,0,0,0,0,0,0,1
1975,"Graduation","Divorced",83829,0,0,78,897,161,430,186,161,27,0,4,7,6,1,1,0,1,1,0,0,1
1963,"PhD","Married",53378,1,1,41,489,6,152,8,6,132,10,9,4,6,8,0,0,0,0,0,0,1
1972,"Graduation","Single",38808,1,0,21,125,17,52,3,19,30,4,5,1,4,8,1,0,0,0,0,0,1
1983,"Graduation","Together",78687,0,0,13,817,185,687,145,55,241,1,4,6,8,2,0,0,1,0,0,0,1
1971,"2n Cycle","Divorced",49118,0,0,90,620,54,239,99,98,119,2,9,7,10,7,0,1,0,0,1,0,1
1972,"PhD","Married",57091,0,1,82,462,0,24,6,0,4,2,9,2,5,7,0,1,0,0,0,0,1
1972,"Master","Married",83151,0,0,80,968,147,842,137,42,210,1,5,7,10,2,1,0,1,1,0,0,1
1946,"Graduation","Married",78569,0,0,14,558,79,622,207,175,95,1,4,6,4,1,0,0,1,0,0,0,1
1953,"Graduation","Together",94384,0,0,62,1111,24,790,160,45,172,0,5,8,5,2,0,1,1,1,0,0,1
1982,"Graduation","Married",65169,0,0,23,1074,0,69,0,0,46,1,10,4,13,6,1,0,1,1,1,0,1
1977,"Graduation","Single",37774,2,0,28,173,8,107,7,2,176,4,7,2,3,9,1,0,0,0,0,1,1
1945,"PhD","Together",71604,0,0,3,345,53,528,98,75,97,1,8,3,5,4,1,0,0,0,0,0,1
1969,"Graduation","Married",48752,1,1,8,73,57,100,71,15,0,5,6,1,5,9,0,0,0,0,0,0,1
1978,"Master","Married",88097,1,0,24,163,0,480,0,126,75,1,6,5,8,9,0,1,1,1,0,0,1
1982,"Graduation","Single",39660,1,0,36,139,13,78,20,13,36,3,7,1,3,9,0,0,0,0,0,0,1
1949,"Master","Married",62845,1,1,3,1099,0,45,0,0,34,11,3,4,10,8,0,1,0,0,0,0,1
1962,"PhD","Divorced",85696,0,0,88,714,76,395,116,0,12,1,4,6,9,1,0,0,0,0,0,0,1
1993,"Graduation","Single",70515,0,0,12,420,0,452,182,64,140,1,6,6,4,2,0,0,0,0,0,0,1
1982,"Graduation","Married",69109,0,0,10,823,25,459,124,29,95,1,6,6,7,4,0,0,1,0,0,0,1
1958,"Master","Single",75154,0,1,79,543,10,205,160,143,82,1,6,3,6,3,0,0,0,0,0,0,1
1985,"Graduation","Married",21355,1,0,5,5,13,14,0,5,31,2,2,1,2,6,1,0,0,0,0,0,1
1957,"Graduation","Single",36864,0,1,53,204,5,39,17,0,89,3,5,2,4,8,0,0,0,0,0,0,1
1953,"PhD","Divorced",36957,1,1,43,100,2,16,2,1,31,4,3,2,2,9,0,0,0,0,0,0,1
1972,"Graduation","Married",80134,1,0,40,1218,16,272,104,0,80,2,5,3,6,6,0,1,1,1,0,0,1
1944,"Graduation","Married",80589,0,0,25,507,93,520,242,40,26,1,5,10,5,1,0,0,0,1,0,0,1
1979,"Graduation","Together",21645,1,0,75,14,0,23,4,5,19,3,3,0,3,9,0,0,0,0,0,0,1
1948,"Master","Widow",78427,0,0,36,972,19,595,180,26,138,3,3,7,10,3,0,0,0,1,0,0,1
1953,"Graduation","Single",73892,0,0,40,703,102,601,0,58,43,1,3,11,8,1,0,0,0,0,0,0,1
1971,"Graduation","Divorced",43300,0,1,87,91,3,52,2,1,31,3,4,0,4,8,0,0,0,0,0,0,1
1970,"Graduation","Single",93790,0,0,16,1302,68,731,89,114,45,0,6,7,12,2,0,1,1,1,0,0,1
1974,"PhD","Married",38410,0,0,65,153,64,123,116,64,14,2,5,2,9,6,0,0,0,0,0,0,1
1969,"PhD","Married",94871,0,2,99,169,24,553,188,0,144,1,8,5,4,7,0,1,1,0,0,0,1
1971,"PhD","Married",60585,1,1,17,267,42,309,55,42,21,10,7,4,9,5,0,0,0,0,0,0,1
1988,"Graduation","Together",87679,0,0,62,1259,172,815,97,148,33,1,7,11,10,4,1,0,1,1,0,0,1
1969,"PhD","Together",53374,0,1,34,896,10,101,13,10,34,6,4,2,9,9,1,0,0,0,0,0,1
1977,"Graduation","Married",42014,1,0,56,244,15,108,4,15,50,6,7,1,6,8,0,0,0,0,0,0,1
1955,"PhD","Single",49667,0,0,35,1181,26,120,17,13,39,2,5,10,5,8,1,0,0,0,0,0,1
1977,"2n Cycle","Together",20981,0,0,14,2,12,10,6,13,30,1,3,1,2,8,0,0,0,0,0,0,1
1970,"Graduation","Single",27242,1,0,2,3,17,26,20,1,39,2,2,0,3,9,0,0,0,0,0,0,1
1983,"PhD","Single",87188,0,0,73,910,111,724,49,74,55,1,10,2,6,3,0,0,0,0,0,0,1
1987,"PhD","Single",74004,0,0,5,784,48,560,42,176,48,1,4,6,4,3,0,0,1,1,0,0,1
1975,"Master","Single",46098,1,1,86,57,0,27,0,0,36,4,3,2,2,8,0,0,0,0,0,0,1
1959,"PhD","Widow",67786,0,0,0,431,82,441,80,20,102,1,3,6,6,1,0,0,0,0,0,0,1
1963,"Graduation","Single",30983,0,0,50,51,4,50,12,1,49,1,4,0,3,8,0,0,0,0,0,0,1
1962,"Master","Together",47175,1,1,81,167,2,44,6,2,19,7,4,2,4,8,1,0,0,0,0,0,1
1950,"PhD","Married",55517,1,1,53,483,0,108,0,6,36,5,11,1,6,9,0,0,0,0,0,0,1
1946,"PhD","Single",82800,0,0,23,1006,22,115,59,68,45,1,7,6,12,3,0,0,1,1,0,0,1
1991,"Master","Single",90638,0,0,29,1156,120,915,94,144,96,1,3,4,10,1,0,0,1,0,0,0,1
1977,"Graduation","Married",42014,1,0,56,244,15,108,4,15,50,6,7,1,6,8,0,0,0,0,0,0,1
1982,"Graduation","Together",45203,2,0,4,35,3,67,10,8,24,1,3,1,3,6,0,0,0,0,0,0,1
1987,"Graduation","Divorced",81361,0,0,18,163,23,424,27,65,76,1,3,10,13,1,0,0,0,0,0,0,1
1973,"PhD","Divorced",35860,1,1,37,15,0,8,4,2,20,2,1,1,2,5,1,0,0,0,0,0,1
1952,"Master","Together",40442,1,1,52,45,12,52,25,22,13,4,3,1,4,7,0,0,0,0,0,0,1
1973,"PhD","Single",48432,0,1,3,322,3,50,4,3,42,5,7,1,6,8,0,0,0,0,0,0,1
1990,"Graduation","Single",64509,0,0,19,836,185,575,24,25,77,1,6,3,9,4,1,0,0,0,0,0,1
1977,"Graduation","Married",31353,1,1,24,10,0,10,3,1,7,2,1,1,2,8,0,0,0,0,0,0,1
1982,"Graduation","Together",19444,1,0,8,16,0,23,3,2,10,3,4,1,2,7,0,0,0,0,0,0,1
1964,"PhD","Divorced",64140,0,2,71,1459,0,61,0,15,215,5,2,5,6,5,1,0,1,0,1,0,1
1967,"Graduation","Divorced",57136,0,0,18,267,140,599,34,12,127,1,7,5,7,6,0,0,0,0,0,0,1
1961,"Graduation","Single",82014,0,0,48,980,37,265,35,163,31,1,3,6,12,6,0,0,0,0,0,0,1
1963,"Graduation","Widow",34213,1,1,2,50,4,28,6,3,26,3,3,1,2,9,0,0,0,0,0,0,1
1981,"Graduation","Single",72066,0,0,55,1003,34,536,134,51,34,1,4,6,6,2,0,0,1,1,0,0,1
1967,"PhD","Married",77766,0,1,97,1004,59,265,115,59,27,2,11,10,11,6,1,0,0,0,0,0,1
1985,"PhD","Single",37929,0,0,49,202,2,46,3,2,10,2,4,2,5,7,0,1,0,1,0,0,1
1986,"Master","Married",80141,0,0,20,1184,102,673,52,40,40,1,7,4,10,6,0,0,1,0,0,0,1
1980,"Master","Divorced",78789,0,0,12,667,50,850,21,83,83,1,4,6,5,2,0,0,0,0,0,0,1
1968,"Graduation","Together",56534,0,1,35,691,7,61,10,0,46,4,10,4,7,8,0,1,0,0,1,0,1
1973,"Basic","Together",9722,1,0,7,6,17,16,6,16,42,4,3,1,3,8,0,0,0,0,0,0,1
1986,"Graduation","Married",83512,0,0,31,1060,61,835,80,20,101,1,4,7,10,1,1,0,1,1,1,0,1
1959,"Master","Married",77520,0,1,30,940,44,396,0,88,58,1,8,7,7,4,1,0,1,1,0,0,1
1976,"PhD","Married",55424,0,1,6,462,61,184,10,53,107,4,7,5,9,6,1,0,0,0,0,0,1
1983,"PhD","Married",92491,0,0,71,979,44,935,29,25,22,1,7,5,12,3,0,1,1,1,0,0,1
1991,"Graduation","Single",90273,0,0,32,704,129,853,120,74,111,1,5,6,7,2,0,1,1,1,0,0,1
1982,"PhD","Single",38513,1,0,20,172,3,115,16,0,18,5,6,1,5,8,0,0,0,0,0,0,1
1979,"Master","Single",16653,1,0,10,5,7,31,15,4,7,3,2,1,3,6,0,0,0,0,0,0,1
1955,"Graduation","Together",42586,1,1,7,194,2,56,0,0,0,5,4,1,6,8,0,0,0,0,0,0,1
1945,"PhD","Single",45576,0,0,9,56,19,29,2,14,25,1,3,1,3,8,0,0,0,0,0,0,1
1947,"Graduation","Together",70321,0,0,6,303,23,751,82,26,191,1,6,5,13,4,0,0,0,0,0,0,1
1961,"PhD","Together",63342,0,1,48,918,21,118,13,10,21,3,8,3,5,6,0,1,0,0,0,0,1
1949,"PhD","Widow",51569,0,1,39,380,0,47,6,0,34,4,7,1,7,8,0,1,0,0,0,0,1
1971,"Master","Single",39763,1,0,9,80,1,60,4,6,16,2,5,1,2,9,0,0,0,0,0,0,1
1974,"PhD","Divorced",25509,1,0,15,40,3,30,10,7,11,3,3,0,3,9,0,0,0,0,0,0,1
1955,"Graduation","Together",42586,1,1,7,194,2,56,0,0,0,5,4,1,6,8,0,0,0,0,0,0,1
1971,"Graduation","Together",34600,1,1,8,199,33,60,8,3,15,5,5,2,5,8,0,0,0,0,0,0,1
1966,"Graduation","Single",37070,1,1,30,231,7,137,4,15,39,9,5,1,8,7,0,0,0,0,0,0,1
1956,"Graduation","Married",90369,0,0,2,292,51,981,224,23,17,1,4,6,6,1,0,0,0,0,0,0,1
1951,"Graduation","Single",72282,0,0,70,503,27,419,90,139,153,1,5,7,9,7,0,0,0,0,0,0,1
1986,"Graduation","Together",78394,0,0,13,298,27,697,216,24,166,1,4,6,5,2,0,0,0,0,0,0,1
1975,"Master","Together",22669,1,0,30,16,14,36,37,22,48,3,4,1,2,9,0,0,0,0,0,0,1
1977,"Graduation","Married",54809,1,1,0,63,6,57,13,13,22,4,2,1,5,4,0,0,0,0,0,0,1
1954,"PhD","Divorced",57333,0,1,55,941,14,397,76,58,176,11,8,5,9,6,0,0,0,0,0,0,1
1953,"Master","Widow",84953,0,0,73,167,48,602,63,72,72,1,3,10,4,2,0,1,1,1,0,0,1
1975,"PhD","Married",86836,0,0,7,179,21,273,0,21,63,1,6,10,6,5,1,0,1,1,0,0,1
1995,"2n Cycle","Single",83257,0,0,56,536,27,590,38,107,67,1,5,10,12,6,1,0,1,0,0,1,1
1961,"Graduation","Together",64260,0,0,1,539,169,816,20,0,30,1,4,5,4,3,0,0,0,0,0,0,1
1984,"PhD","Single",82733,0,0,28,712,50,420,65,38,38,1,8,4,7,4,0,0,0,0,0,0,1
1982,"Graduation","Married",69109,0,0,10,823,25,459,124,29,95,1,6,6,7,4,0,0,1,0,0,0,1
1973,"Graduation","Widow",60208,1,1,13,488,23,71,15,0,59,11,8,3,7,7,0,1,0,0,0,0,1
1977,"2n Cycle","Together",82326,0,0,30,938,142,754,159,81,183,1,5,10,6,2,0,1,1,1,0,0,1
1959,"Master","Widow",33051,0,0,15,100,71,243,108,94,219,3,9,1,8,9,0,0,0,0,0,0,1
1984,"PhD","Married",70643,0,0,66,1218,107,304,23,143,33,1,5,8,4,6,0,0,0,0,0,0,1
1969,"PhD","Married",30396,1,0,22,15,0,6,0,1,12,2,1,1,2,7,1,0,0,0,0,0,1
1971,"PhD","Divorced",86979,0,0,67,584,100,835,65,83,35,1,5,5,5,2,1,0,0,0,0,0,1
1967,"Graduation","Married",77870,0,1,93,1017,50,500,65,50,133,3,5,5,5,8,0,1,0,1,0,0,1
1968,"Graduation","Single",57107,0,1,44,159,0,120,0,0,137,7,4,4,8,8,0,1,0,0,1,0,1
1956,"Graduation","Single",91249,0,0,84,1324,27,119,71,108,27,0,7,9,6,4,0,1,1,1,1,0,1
1957,"Graduation","Single",64849,0,0,42,652,48,350,94,84,108,1,9,3,6,5,0,0,0,0,0,0,1
1956,"PhD","Single",54998,0,1,3,154,22,202,39,30,8,5,4,2,9,4,0,0,0,0,0,0,1
1949,"PhD","Widow",54356,0,1,62,710,15,30,20,0,0,3,11,2,8,8,0,0,0,0,0,0,1
1984,"PhD","Married",73356,0,0,56,1050,14,322,0,14,112,1,5,11,5,2,1,0,1,1,0,0,1
1982,"Graduation","Married",63211,0,0,3,145,193,459,205,26,145,2,3,8,7,2,0,0,0,0,0,0,1
1976,"PhD","Together",72335,0,0,2,1285,105,653,28,21,0,1,10,4,8,8,0,0,0,0,0,0,1
1990,"Graduation","Single",96843,0,0,60,448,71,951,40,17,17,1,6,11,10,2,0,0,1,0,0,0,1
1962,"PhD","Widow",71670,0,0,8,1462,16,128,0,0,160,1,5,3,6,6,0,1,1,0,1,0,1
1952,"Graduation","Single",40887,1,1,32,50,4,44,10,10,43,3,3,1,3,9,0,0,0,0,0,0,1
1949,"Graduation","Widow",72643,0,0,60,526,80,553,123,94,53,1,3,10,7,2,0,0,0,1,0,0,1
1971,"Graduation","Together",34600,1,1,8,199,33,60,8,3,15,5,5,2,5,8,0,0,0,0,0,0,1
1979,"Graduation","Married",36781,1,0,16,29,1,17,0,3,13,1,2,1,2,8,0,0,0,0,0,0,1
1984,"Master","Single",31385,1,0,56,3,2,12,0,1,9,1,1,0,2,8,1,0,0,0,0,0,1
1974,"PhD","Divorced",25509,1,0,15,40,3,30,10,7,11,3,3,0,3,9,0,0,0,0,0,0,1
1963,"PhD","Divorced",72968,0,0,8,1092,37,592,145,37,55,1,5,5,8,3,0,0,0,1,0,0,1
1947,"Master","Single",91712,0,0,47,1276,24,746,94,29,48,0,9,7,11,3,0,0,1,0,0,0,1
1980,"2n Cycle","Married",96547,0,0,4,448,21,125,52,101,62,0,7,6,8,2,1,0,1,1,0,0,1
1975,"Graduation","Married",79205,0,0,73,504,23,117,179,28,44,1,6,5,4,4,0,0,0,1,0,0,1
1970,"Graduation","Married",22979,1,0,29,16,17,19,20,21,22,3,3,2,2,8,0,0,0,0,0,0,1
1977,"Graduation","Together",96876,0,0,79,908,43,735,40,194,21,1,7,7,9,2,0,1,1,1,0,0,1
1958,"Graduation","Single",68281,0,0,31,995,112,417,42,48,41,1,2,9,13,5,0,0,0,0,0,0,1
1983,"Graduation","Married",36790,0,0,14,3,3,14,15,21,10,1,2,1,2,9,0,0,0,0,0,0,1
1949,"Master","Together",49912,0,1,5,520,8,223,32,49,42,4,10,5,7,8,1,0,0,0,0,0,1
1947,"PhD","Widow",68117,0,1,80,618,44,215,0,17,36,2,11,8,4,6,1,0,0,0,0,0,1
1970,"Graduation","Single",76467,1,0,44,676,161,426,210,44,58,2,2,5,5,6,0,0,0,0,0,0,1
1987,"PhD","Single",42000,0,0,23,124,83,267,85,59,35,2,5,2,11,5,0,0,0,0,0,0,1
1970,"Graduation","Divorced",64713,1,0,11,180,60,241,13,54,54,2,5,5,7,4,0,0,0,0,0,0,1
1974,"Master","Divorced",53367,1,1,2,229,7,140,10,3,11,7,5,1,8,7,0,0,0,0,0,0,1
1949,"Master","Together",49912,0,1,5,520,8,223,32,49,42,4,10,5,7,8,1,0,0,0,0,0,1
1976,"Master","Married",81929,1,0,60,1486,55,278,49,0,185,2,4,4,10,6,1,0,1,0,0,0,1
1984,"2n Cycle","Married",14796,1,0,1,13,3,8,7,4,16,2,1,0,3,9,0,0,0,0,0,0,1
1970,"Graduation","Divorced",72967,0,1,1,158,35,179,0,0,125,2,7,2,8,5,1,0,0,0,0,0,1
1961,"Graduation","Single",82332,0,0,89,830,59,968,51,79,19,1,5,3,12,2,0,0,1,0,0,0,1
1986,"PhD","Married",82333,0,0,60,1311,0,359,46,89,17,1,4,3,10,2,0,0,1,0,0,0,1
1965,"PhD","Together",65220,0,0,3,890,63,292,0,25,12,4,8,4,7,6,0,0,0,0,0,0,1
1976,"Master","Single",72309,0,0,64,960,0,883,50,38,0,1,5,6,8,3,0,0,0,1,0,0,1
1966,"Master","Divorced",29435,1,1,11,70,3,37,4,2,64,4,3,2,2,9,0,0,0,0,0,0,1
1957,"Graduation","Single",78499,0,0,12,912,72,170,47,36,97,1,11,3,4,4,0,0,1,0,0,0,1
1964,"PhD","Married",60896,0,1,90,1013,30,399,60,46,153,3,9,10,4,6,0,0,0,0,0,0,1
1990,"Master","Single",91172,0,0,94,162,28,818,0,28,56,0,4,3,7,3,1,0,1,1,1,0,1
1970,"2n Cycle","Divorced",65706,0,0,77,918,10,129,13,0,129,1,11,3,12,7,0,1,1,0,1,0,1
1975,"PhD","Married",79174,0,0,2,1074,37,518,193,92,129,1,5,6,7,2,0,0,1,1,0,0,1
1983,"Master","Single",89616,0,0,36,671,47,655,145,111,15,1,7,5,12,2,0,0,0,0,0,0,1
1957,"2n Cycle","Married",82347,0,0,38,556,54,845,202,133,63,1,7,7,10,3,1,0,0,1,0,0,1
1957,"Graduation","Married",73803,0,1,61,833,80,363,52,26,174,2,9,5,6,6,1,0,0,0,0,0,1
1954,"Graduation","Married",50501,1,1,10,297,0,38,13,0,152,7,5,4,4,6,1,0,0,0,0,0,1
1982,"Master","Single",75777,0,0,12,712,26,538,69,13,80,1,3,6,11,1,0,1,1,0,0,0,1
1954,"PhD","Married",52869,1,1,40,84,3,61,2,1,21,3,3,1,4,7,0,0,0,0,0,0,1
1960,"Master","Divorced",39228,0,0,1,7,1,6,0,3,3,1,0,0,3,4,0,0,0,0,0,0,0
1952,"Master","Divorced",59354,1,1,53,233,2,53,3,5,14,3,6,1,5,6,0,0,0,0,0,0,0
1975,"PhD","Married",40233,0,1,84,80,4,46,0,17,2,5,2,1,5,6,0,0,0,0,0,0,0
1960,"Master","Married",81843,0,0,13,779,86,537,34,69,138,1,5,9,12,3,0,0,0,0,0,0,0
1951,"Master","Married",59412,0,0,56,90,67,165,30,43,11,1,4,2,8,3,0,0,0,0,0,0,0
1953,"Graduation","Married",47703,0,1,95,359,0,134,13,26,123,4,6,3,8,5,0,0,0,0,0,0,0
1976,"PhD","Married",16927,1,1,50,20,2,23,3,1,4,5,3,0,4,8,0,0,0,0,0,0,0
1978,"Master","Single",35544,1,0,77,30,5,23,4,1,4,1,2,0,3,7,0,0,0,0,0,0,0
1980,"2n Cycle","Together",25130,1,0,10,2,5,7,0,18,18,2,2,0,3,7,0,0,0,0,0,0,0
1961,"Graduation","Married",16860,1,1,19,10,4,4,3,3,14,3,1,1,3,7,0,0,0,0,0,0,0
1958,"Master","Married",51412,0,1,42,140,3,29,4,5,14,2,3,2,4,4,0,0,0,0,0,0,0
1975,"PhD","Married",69283,0,1,41,674,62,134,0,26,8,4,7,3,13,5,0,0,0,0,0,0,0
1955,"PhD","Single",61284,0,0,76,618,15,106,20,7,45,1,11,2,8,6,0,1,0,0,0,0,0
1968,"2n Cycle","Married",48985,0,1,13,19,13,18,10,7,8,1,1,1,3,3,0,0,0,0,0,0,0
1980,"Basic","Married",16005,1,0,69,1,3,2,20,30,47,3,2,1,2,8,0,0,0,0,0,0,0
1967,"Master","Single",59235,1,0,4,448,40,469,80,0,91,3,11,2,12,7,0,0,0,0,0,0,0
1977,"PhD","Married",28973,0,0,59,206,0,46,3,2,12,2,5,1,5,8,0,0,0,0,0,0,0
1984,"Graduation","Married",55434,1,0,21,238,115,215,169,69,76,3,5,3,13,4,0,0,0,0,0,0,0
1983,"Graduation","Married",76630,0,0,93,255,31,446,40,56,175,1,3,10,11,1,0,0,0,0,0,0,0
1959,"Master","Together",82576,0,0,66,1206,55,445,168,18,18,1,2,4,12,1,0,0,1,0,0,0,0
1954,"Graduation","Divorced",70044,0,1,46,1073,0,250,153,14,14,4,7,10,5,5,0,0,0,0,0,0,0
1985,"PhD","Married",64355,1,0,66,1047,0,140,67,38,153,2,4,3,12,8,0,0,0,0,0,0,0
1967,"Graduation","Single",46904,1,1,20,153,4,56,0,9,31,4,5,1,4,8,0,0,0,0,0,0,0
1981,"Graduation","Single",41967,1,1,66,23,4,10,0,2,15,1,1,0,3,4,0,0,0,0,0,0,0
1976,"Graduation","Together",29478,1,0,59,8,0,7,3,1,1,1,1,0,3,6,0,0,0,0,0,0,0
1948,"Graduation","Married",77142,0,0,54,476,75,162,29,151,97,1,4,4,8,2,0,0,0,0,0,0,0
1963,"PhD","Divorced",48799,0,1,9,174,18,81,28,6,24,3,3,2,7,3,0,0,0,0,0,0,0
1992,"Graduation","Together",75114,0,0,40,571,12,523,63,60,24,1,3,10,5,2,0,0,0,0,0,0,0
1989,"Master","Together",88420,0,0,87,957,153,612,99,95,153,1,4,7,8,1,1,0,1,1,0,0,0
1967,"Graduation","Single",25930,1,1,87,6,1,2,2,0,4,1,1,0,2,7,0,0,0,0,0,0,0
1952,"Graduation","Divorced",69142,0,1,50,448,4,34,6,4,39,3,8,1,7,5,0,1,0,0,0,0,0
1980,"Graduation","Married",41850,1,1,51,53,5,19,2,13,4,3,3,0,3,8,0,0,0,0,0,0,0
1959,"Master","Married",34242,0,1,25,8,2,4,0,0,1,1,0,0,3,5,0,0,0,0,0,0,0
1963,"Graduation","Married",80124,0,0,47,483,84,398,205,84,241,1,3,7,8,1,1,0,0,0,0,0,0
1978,"Graduation","Divorced",63693,0,1,63,587,43,337,42,87,54,3,11,6,9,6,0,0,0,0,0,0,0
1947,"Graduation","Married",27469,0,0,2,9,1,2,3,2,0,1,0,0,3,6,0,0,0,0,0,0,0
1965,"PhD","Married",57236,1,1,22,105,0,9,2,1,4,3,2,1,4,3,0,0,0,0,0,0,0
1976,"Master","Together",30560,1,0,6,9,1,5,4,5,7,1,1,0,3,7,0,0,0,0,0,0,0
1975,"2n Cycle","Together",46772,0,1,88,350,104,189,197,151,57,6,11,8,5,8,1,0,0,0,0,0,0
1969,"Graduation","Married",25293,1,0,51,15,0,11,0,2,9,1,1,1,2,8,0,0,0,0,0,0,0
1976,"Graduation","Single",20180,0,0,27,18,42,24,15,20,18,1,2,1,4,7,0,0,0,0,0,0,0
1965,"Graduation","Divorced",4861,0,0,20,2,1,1,1,0,1,0,0,0,0,14,0,0,0,0,0,0,0
1965,"Master","Together",45143,0,1,74,202,5,74,11,5,14,3,6,1,5,7,0,0,0,0,0,0,0
1975,"PhD","Married",36663,1,0,40,18,0,6,3,3,5,1,1,1,3,2,0,0,0,0,0,0,0
1965,"Graduation","Together",29672,1,1,6,9,1,3,0,4,8,1,0,0,3,6,0,0,0,0,0,0,0
1979,"Basic","Single",16014,1,1,42,3,9,4,7,8,7,4,1,1,4,3,0,0,0,0,0,0,0
1973,"Graduation","Single",65333,0,1,58,654,7,92,0,15,30,7,9,4,8,6,0,1,1,0,0,0,0
1952,"Master","Married",33444,1,1,24,8,0,8,0,0,2,1,1,0,2,8,0,0,0,0,0,0,0
1972,"Graduation","Married",30023,1,0,28,11,0,16,7,6,21,1,2,0,3,8,0,0,0,0,0,0,0
1970,"Graduation","Married",28164,1,0,23,3,18,26,11,8,12,3,2,0,4,7,0,0,0,0,0,0,0
1960,"Master","Married",54197,0,1,16,162,6,37,6,13,13,2,1,3,6,1,0,0,0,0,0,0,0
1978,"Graduation","Married",33039,1,0,4,30,8,12,8,8,12,1,2,0,4,5,0,0,0,0,0,0,0
1954,"Graduation","Divorced",72071,0,1,4,531,69,300,150,138,150,3,5,4,8,2,0,0,0,0,0,0,0
1970,"Graduation","Single",24206,1,0,66,7,2,8,3,2,3,1,1,0,3,6,0,0,0,0,0,0,0
1956,"Master","Single",86424,0,0,12,387,68,569,89,45,68,1,6,9,12,1,0,0,0,0,0,0,0
1978,"Graduation","Divorced",71847,0,0,95,737,21,106,55,63,210,0,6,7,9,3,0,0,0,1,0,0,0
1970,"Graduation","Together",19656,1,0,94,25,4,9,6,8,32,3,2,1,3,7,0,0,0,0,0,0,0
1979,"Master","Married",40662,1,0,0,40,2,23,0,4,23,2,2,1,3,4,0,0,0,0,0,0,0
1963,"PhD","Single",48918,1,1,21,52,0,9,0,0,1,2,1,0,4,4,0,0,0,0,0,0,0
1950,"PhD","Married",54432,2,1,37,33,0,5,0,0,0,1,1,0,3,4,0,0,0,0,0,0,0
1952,"Graduation","Together",43462,1,1,50,90,17,97,15,6,15,6,4,1,5,8,0,0,0,0,0,0,0
1977,"Graduation","Married",41124,1,0,41,281,7,84,15,0,119,7,7,3,4,8,0,0,0,0,0,0,0
1953,"PhD","Single",46231,2,1,87,189,2,55,0,5,12,4,6,1,4,9,0,0,0,0,0,0,0
1959,"Graduation","Together",71367,0,0,24,227,23,389,42,21,75,1,4,5,7,2,0,0,0,0,0,0,0
1972,"PhD","Married",59973,0,0,47,130,30,168,20,34,0,1,3,4,7,1,0,0,0,0,0,0,0
1960,"Basic","Widow",22123,0,0,77,3,3,24,34,7,31,1,2,1,3,5,0,0,0,0,0,0,0
1965,"Graduation","Married",48006,1,1,55,23,0,11,3,2,2,1,1,0,3,6,0,0,0,0,0,0,0
1954,"Graduation","Married",62820,0,0,51,398,61,265,138,61,53,1,3,4,6,1,0,0,0,0,0,0,0
1958,"Graduation","Together",53977,0,1,21,620,16,165,0,24,82,5,5,5,12,5,0,0,0,0,0,0,0
1976,"Graduation","Divorced",30992,1,0,83,17,0,14,7,3,2,1,1,0,3,7,0,0,0,0,0,0,0
1953,"Graduation","Married",50725,0,1,45,443,10,75,0,10,48,4,8,1,8,8,0,0,0,0,0,0,0
1978,"Graduation","Together",57867,1,0,48,344,35,178,15,23,17,7,7,2,9,6,0,0,0,0,0,0,0
1976,"PhD","Together",52190,1,1,39,42,0,17,0,0,18,3,2,1,3,5,1,0,0,0,0,0,0
1948,"Graduation","Single",90842,0,0,57,774,70,118,182,187,93,1,4,9,13,1,0,0,0,0,0,0,0
1976,"2n Cycle","Together",25176,1,1,79,4,0,4,0,0,5,1,1,0,2,7,0,0,0,0,0,0,0
1975,"PhD","Married",60631,1,1,88,565,6,65,0,6,19,5,9,2,8,7,0,1,0,0,0,0,0
1974,"PhD","Together",28440,1,0,87,38,1,24,0,0,0,1,2,0,3,8,0,0,0,0,0,0,0
1976,"Master","Single",70379,0,1,84,553,25,142,65,67,8,3,6,3,13,4,0,0,0,0,0,0,0
1973,"PhD","Married",157243,0,1,98,20,2,1582,1,2,1,15,0,22,0,0,0,0,0,0,0,0,0
1968,"Graduation","Married",45688,0,1,20,279,0,18,0,0,9,2,3,1,8,4,0,1,0,0,0,0,0
1986,"Graduation","Married",32880,1,0,76,8,4,15,7,6,2,1,1,0,3,8,0,0,0,0,0,0,0
1977,"Graduation","Married",71855,0,1,59,548,31,422,0,112,28,4,5,5,11,3,0,0,0,0,0,0,0
1976,"Master","Single",70893,0,0,42,768,44,561,77,44,14,1,6,6,10,3,0,0,0,0,0,0,0
1972,"Master","Single",42394,1,0,69,15,2,10,0,1,4,1,1,0,3,7,0,0,0,0,0,0,0
1975,"Graduation","Married",74190,0,1,49,151,81,86,168,91,64,2,4,2,11,2,0,0,0,0,0,0,0
1970,"Graduation","Single",20587,1,0,39,2,3,6,4,1,9,1,1,1,2,7,0,0,0,0,0,0,0
1959,"2n Cycle","Married",26887,0,1,27,6,7,4,3,4,6,1,1,0,3,6,0,0,0,0,0,0,0
1953,"Master","Married",65569,0,1,96,397,46,288,20,38,70,2,6,5,10,3,0,0,0,0,0,0,0
1953,"Graduation","Married",70503,0,0,73,1379,33,216,0,33,66,1,2,4,9,6,0,1,1,0,0,0,0
1967,"Graduation","Together",27943,1,1,89,12,1,16,4,1,3,3,2,0,3,8,0,0,0,0,0,0,0
1971,"PhD","Single",42767,2,0,53,20,6,43,19,5,38,1,3,1,2,8,0,0,0,0,0,0,0
1963,"Graduation","Married",80124,0,0,47,483,84,398,205,84,241,1,3,7,8,1,1,0,0,0,0,0,0
1980,"Graduation","Single",81741,0,0,75,249,153,940,58,134,38,0,6,6,7,2,0,0,0,0,0,0,0
1955,"2n Cycle","Married",72635,0,0,54,390,22,323,104,35,107,1,6,8,6,3,0,0,0,1,0,0,0
1990,"Graduation","Married",18929,0,0,15,32,0,8,23,4,18,1,1,0,4,6,0,0,0,0,0,0,0
1970,"Master","Together",79419,0,0,96,751,127,687,20,15,31,1,4,6,4,2,0,0,0,0,0,0,0
1986,"Basic","Married",20425,1,0,5,4,12,5,3,16,17,2,2,0,3,7,0,0,0,0,0,0,0
1971,"Graduation","Married",18793,1,0,14,4,16,20,0,17,20,3,2,0,4,8,0,0,0,0,0,0,0
1965,"Graduation","Married",72190,0,0,79,597,166,597,172,166,249,1,5,6,4,3,0,0,0,0,0,0,0
1960,"Graduation","Married",29315,1,1,55,13,2,14,8,7,4,4,2,0,4,6,0,0,0,0,0,0,0
1955,"Graduation","Married",48726,0,1,90,138,3,38,4,0,59,3,3,2,4,6,0,0,0,0,0,0,0
1975,"Graduation","Married",61456,0,1,47,563,76,384,84,192,89,4,6,10,13,4,0,0,0,0,0,0,0
1988,"Graduation","Married",84219,0,0,27,434,137,400,45,137,45,1,3,4,10,1,0,0,0,0,0,0,0
1971,"Graduation","Together",69930,0,0,21,252,98,827,219,70,196,1,4,5,12,3,0,0,0,0,0,0,0
1975,"Graduation","Together",60934,0,1,41,224,155,155,192,93,54,2,6,4,11,4,0,0,0,0,0,0,0
1987,"Basic","Single",21063,1,0,34,1,10,11,19,3,15,2,2,0,3,6,0,0,0,0,0,0,0
1979,"Graduation","Single",47691,0,1,43,14,0,3,0,0,4,1,1,0,2,6,0,0,0,0,0,0,0
1976,"Graduation","Single",47025,0,1,52,254,7,108,20,0,26,3,6,3,5,6,0,0,0,0,0,0,0
1965,"PhD","Together",32727,0,0,38,167,13,180,86,13,70,2,7,3,5,8,0,0,0,0,0,0,0
1970,"Graduation","Widow",31880,1,0,13,4,1,5,2,0,3,1,1,0,2,8,0,0,0,0,0,0,0
1966,"Graduation","Together",37758,1,1,49,27,2,10,0,0,1,2,1,0,3,8,0,0,0,0,0,0,0
1981,"Graduation","Together",88325,0,0,42,519,71,860,93,27,53,1,6,2,9,2,0,0,0,0,0,0,0
1946,"PhD","Married",51012,0,0,86,102,9,63,2,9,24,1,4,1,4,6,0,0,0,0,0,0,0
1968,"Graduation","Married",19514,1,1,47,14,3,21,2,1,28,4,3,1,2,8,1,0,0,0,0,0,0
1975,"Graduation","Divorced",36627,2,0,78,9,1,5,0,0,1,1,0,0,3,5,0,0,0,0,0,0,0
1966,"Master","Married",33585,0,1,91,30,11,33,13,6,29,1,2,0,4,4,0,0,0,0,0,0,0
1982,"Graduation","Single",28567,1,0,57,11,3,22,2,2,6,2,2,0,3,6,0,0,0,0,0,0,0
1952,"Graduation","Married",67433,0,2,51,615,28,259,12,48,30,4,6,5,13,4,0,1,0,0,0,0,0
1969,"Graduation","Single",57731,0,1,0,266,21,300,65,8,44,4,8,8,6,6,0,0,0,0,0,0,0
1973,"Graduation","Divorced",71128,1,0,80,958,159,447,20,0,31,3,2,10,12,7,0,0,0,0,0,0,0
1988,"Basic","Together",13724,1,0,43,2,7,5,2,15,27,1,2,0,2,9,1,0,0,0,0,0,0
1971,"Master","Married",49505,1,1,4,604,0,100,19,0,28,9,10,2,8,8,0,0,0,0,0,0,0
1950,"Graduation","Together",28320,0,1,68,19,1,14,3,2,4,1,1,0,3,8,0,0,0,0,0,0,0
1965,"Graduation","Single",59686,0,1,78,89,15,89,34,42,5,1,4,1,6,4,0,0,0,0,0,0,0
1967,"Graduation","Together",66825,0,0,73,243,101,405,29,40,40,1,4,5,6,2,0,0,0,0,0,0,0
1989,"Graduation","Single",9255,1,0,91,9,0,7,2,0,4,1,1,1,2,8,0,0,0,0,0,0,0
1964,"Graduation","Single",45906,0,1,20,305,3,27,4,3,144,2,5,4,4,5,1,0,0,0,0,0,0
1978,"Master","Married",43783,1,0,22,327,9,125,25,4,139,6,7,1,8,7,1,0,0,0,0,0,0
1976,"Master","Married",33181,1,0,90,9,0,3,0,0,4,1,1,0,2,6,1,0,0,0,0,0,0
1976,"Graduation","Married",30772,1,1,89,7,2,4,2,1,4,1,1,0,2,6,0,0,0,0,0,0,0
1972,"Graduation","Married",65685,0,1,54,642,14,49,0,7,57,1,9,2,9,5,0,0,0,0,0,0,0
1970,"Graduation","Divorced",44267,1,1,48,183,5,65,3,5,49,5,5,2,4,9,0,0,0,0,0,0,0
1970,"Graduation","Divorced",58710,0,1,77,440,81,368,0,122,174,6,11,5,9,6,0,0,0,0,0,0,0
1956,"Graduation","Together",34633,2,1,31,8,1,5,0,0,1,1,1,0,2,6,0,0,0,0,0,0,0
1989,"Graduation","Married",38360,1,0,26,36,2,42,20,21,10,2,2,1,4,3,0,0,0,0,0,0,0
1962,"Graduation","Single",50785,1,1,27,64,1,21,0,1,27,2,2,1,3,6,0,0,0,0,0,0,0
1949,"Master","Widow",51529,0,1,14,400,4,35,6,0,22,2,9,1,5,8,0,0,0,0,0,0,0
1965,"PhD","Together",51717,0,1,55,98,1,17,0,1,5,1,3,0,4,7,0,1,0,0,0,0,0
1986,"Graduation","Married",25252,1,0,26,1,3,4,2,2,6,1,1,0,2,8,0,0,0,0,0,0,0
1977,"Graduation","Married",54809,1,1,0,63,6,57,13,13,22,4,2,1,5,4,0,0,0,0,0,0,0
1969,"Master","Single",62772,0,1,74,581,49,157,43,8,108,1,5,6,11,2,0,1,0,0,0,0,0
1982,"2n Cycle","Together",58582,0,1,15,402,35,106,101,77,42,2,9,2,9,5,0,1,0,0,0,0,0
1963,"Graduation","Divorced",45146,1,1,28,33,0,5,0,0,15,2,1,1,2,4,0,0,0,0,0,0,0
1961,"Master","Married",80950,0,0,44,525,147,112,219,147,63,1,6,7,9,2,0,0,0,1,0,0,0
1970,"Graduation","Married",13260,1,1,48,9,4,17,10,2,7,4,3,0,3,8,0,0,0,0,0,0,0
1979,"Master","Together",24401,0,0,98,73,28,217,10,24,115,3,6,1,6,8,0,0,0,0,0,0,0
1974,"2n Cycle","Married",20130,0,0,99,0,6,3,7,6,12,1,1,0,3,8,0,0,0,0,0,0,0
1982,"2n Cycle","Together",41039,0,0,32,34,11,137,179,61,45,1,8,1,5,8,0,0,0,0,0,0,0
1951,"Graduation","Married",75903,0,1,50,340,108,185,130,38,100,2,6,6,9,3,0,0,0,0,0,0,0
1977,"Graduation","Married",54233,0,1,46,652,8,158,21,0,142,4,11,6,5,8,0,0,0,0,0,0,0
1979,"Graduation","Married",72063,0,1,3,180,32,348,76,32,90,2,5,2,12,2,0,0,0,0,0,0,0
1951,"Master","Together",59385,1,1,85,135,0,10,0,4,36,2,3,1,4,5,0,0,0,0,0,0,0
1961,"Graduation","Married",49678,0,1,81,229,5,56,3,2,20,2,6,2,4,7,0,0,0,0,0,0,0
1978,"Graduation","Together",16531,1,0,43,2,13,6,7,5,11,3,3,0,3,7,0,0,0,0,0,0,0
1967,"PhD","Married",59062,2,1,74,46,1,12,3,0,9,2,2,0,3,4,0,0,0,0,0,0,0
1958,"PhD","Together",51518,0,1,92,350,8,66,17,4,4,2,3,2,10,3,0,0,0,0,0,0,0
1982,"PhD","Together",70038,0,0,54,587,54,348,71,54,130,1,4,4,8,2,0,0,0,0,0,0,0
1971,"Graduation","Married",76445,1,0,2,739,107,309,140,80,35,1,2,5,13,6,0,0,0,0,0,0,0
1969,"PhD","Single",66582,0,0,83,789,25,420,16,38,0,1,2,8,9,1,0,0,0,0,0,0,0
1953,"Graduation","Together",80812,0,0,95,769,22,500,210,143,33,1,4,8,5,2,1,0,1,1,0,0,0
1962,"Graduation","Married",55759,0,1,84,675,0,85,10,7,77,5,10,3,8,8,0,0,0,0,0,0,0
1962,"Graduation","Together",76081,0,0,85,292,30,415,63,33,200,1,4,5,4,2,0,0,0,1,0,0,0
1986,"Graduation","Married",23477,1,0,39,38,15,54,3,8,29,3,3,0,4,8,0,0,0,0,0,0,0
1956,"Master","Married",62058,0,1,52,301,7,74,10,0,58,4,6,1,7,6,0,0,0,0,0,0,0
1966,"PhD","Together",30843,1,1,43,24,0,2,0,0,9,2,1,1,2,5,1,0,0,0,0,0,0
1969,"Graduation","Widow",40590,1,1,30,154,0,50,6,11,37,5,3,4,3,6,1,0,0,0,0,0,0
1952,"Graduation","Together",75278,0,0,17,304,98,230,150,74,74,1,6,3,13,3,0,0,0,0,0,0,0
1988,"2n Cycle","Married",23331,1,0,92,5,36,7,0,10,45,2,3,0,3,8,0,0,0,0,0,0,0
1971,"Graduation","Single",55239,0,1,59,371,17,238,23,24,106,3,7,5,11,5,0,0,0,0,0,0,0
1958,"2n Cycle","Single",75342,0,1,38,204,97,97,21,118,26,1,5,2,10,4,0,0,0,0,0,0,0
1971,"Graduation","Married",64722,1,0,47,303,0,280,60,147,15,4,8,2,11,6,0,0,0,0,0,0,0
1954,"PhD","Married",62670,0,1,57,539,30,92,80,46,38,1,5,3,13,3,0,0,0,0,0,0,0
1970,"Graduation","Together",67419,0,1,29,846,84,352,91,56,42,4,9,4,8,5,0,0,0,0,0,0,0
1957,"Graduation","Together",50116,1,1,68,54,0,10,0,0,2,2,1,0,4,5,0,1,0,0,0,0,0
1973,"Master","Married",54108,1,1,74,539,6,91,8,6,97,13,8,2,9,8,0,0,0,0,0,0,0
1958,"Basic","Single",15056,1,1,76,6,12,3,21,6,40,5,2,2,3,5,0,0,0,0,0,0,0
1945,"PhD","Married",65846,0,0,68,562,81,276,80,40,81,1,6,3,6,4,0,0,0,0,0,0,0
1979,"Graduation","Married",27244,1,0,84,6,5,17,3,24,46,2,2,2,2,7,0,0,0,0,0,0,0
1979,"Graduation","Together",34350,1,0,81,16,3,15,2,1,11,1,1,0,3,7,0,0,0,0,0,0,0
1989,"PhD","Together",66973,0,0,98,466,22,432,147,113,102,1,8,7,12,3,0,0,0,0,0,0,0
1976,"Graduation","Together",51369,0,1,84,297,7,79,0,11,182,2,8,2,4,8,0,0,0,0,0,0,0
1958,"PhD","Divorced",32173,0,1,0,18,0,2,0,0,2,1,1,0,3,4,0,0,0,0,0,0,0
1954,"Graduation","Together",39898,0,1,20,69,8,26,12,7,12,2,3,0,4,7,0,0,0,0,0,0,0
1991,"2n Cycle","Together",20193,0,0,18,8,8,22,24,11,9,1,1,1,4,4,0,0,0,0,0,0,0
1953,"Master","Married",59354,0,2,59,295,21,78,39,13,13,1,4,4,7,3,0,0,0,0,0,0,0
1978,"PhD","Married",82170,0,0,13,1023,93,651,49,55,37,1,5,6,7,2,0,0,0,0,0,0,0
1989,"Master","Divorced",10979,0,0,34,8,4,10,2,2,4,2,3,0,3,5,0,0,0,0,0,0,0
1975,"Graduation","Married",37085,1,1,65,39,1,16,2,0,3,4,3,0,3,8,0,0,0,0,0,0,0
1955,"PhD","Married",22554,1,1,38,27,0,10,0,0,4,4,2,0,4,5,0,0,0,0,0,0,0
1987,"Graduation","Single",29236,1,0,30,37,4,24,16,9,9,2,4,0,3,9,0,0,0,0,0,0,0
1964,"Graduation","Married",75236,0,1,27,438,66,400,12,38,114,1,8,3,13,4,0,0,0,0,0,0,0
1980,"Graduation","Single",30828,1,0,16,16,11,15,2,0,12,2,1,1,4,3,0,0,0,0,0,0,0
1962,"Master","Married",72828,0,1,17,1205,0,235,19,14,205,6,6,3,13,7,0,0,0,0,0,0,0
1967,"Graduation","Divorced",70844,1,1,16,129,26,67,3,67,2,5,6,1,5,7,0,0,0,0,0,0,0
1970,"Graduation","Married",70617,0,0,45,353,61,753,40,46,27,1,3,3,7,2,0,0,0,0,0,0,0
1949,"PhD","Together",67911,0,1,63,529,0,356,63,28,0,3,6,7,11,3,0,0,0,0,0,0,0
1971,"2n Cycle","Together",42033,1,1,95,11,1,4,2,0,7,1,1,0,2,7,0,0,0,0,0,0,0
1979,"Basic","Together",24594,1,0,94,1,3,6,10,0,9,1,1,0,3,5,0,0,0,0,0,0,0
1978,"Basic","Together",24882,1,0,52,1,4,10,29,0,36,1,1,1,2,6,1,0,0,0,0,0,0
1964,"PhD","Married",59304,0,1,81,418,61,428,80,51,10,3,7,8,10,5,0,0,0,0,0,0,0
1955,"Graduation","Single",80317,0,0,64,536,11,387,149,91,57,1,3,4,10,1,0,0,0,0,0,0,0
1994,"Graduation","Together",80685,0,0,55,241,45,604,34,26,54,1,6,4,10,2,0,0,0,0,0,0,0
1981,"PhD","Married",58293,1,0,94,173,43,118,46,27,15,5,5,3,6,5,0,0,0,0,0,0,0
1973,"PhD","Divorced",35860,1,1,37,15,0,8,4,2,20,2,1,1,2,5,1,0,0,0,0,0,0
1962,"PhD","Together",31497,0,1,22,108,1,28,13,1,4,2,3,1,4,8,0,0,0,0,0,0,0
1957,"Graduation","Married",23539,0,0,13,4,24,11,16,1,25,1,2,0,4,6,0,0,0,0,0,0,0
1971,"Graduation","Single",31632,0,0,92,17,8,12,11,15,32,1,2,1,2,7,0,0,0,0,0,0,0
1962,"Graduation","Divorced",63887,0,1,38,897,23,207,15,11,92,5,9,6,12,6,0,0,0,0,0,0,0
1960,"Master","Together",83151,0,0,93,407,28,100,120,74,18,1,5,9,4,3,0,0,0,0,0,0,0
1951,"Graduation","Married",34838,1,1,62,28,23,29,29,14,47,3,2,1,4,6,0,0,0,0,0,0,0
1961,"PhD","Together",32583,1,1,10,5,0,3,0,0,1,1,1,0,2,7,0,0,0,0,0,0,0
1977,"Graduation","Together",46931,2,1,94,41,0,17,3,1,16,2,1,1,3,3,0,0,0,0,0,0,0
1981,"Graduation","Married",26872,0,0,0,3,10,8,3,16,32,1,1,1,2,6,0,0,0,0,0,0,0
1952,"PhD","Together",69805,0,1,50,750,71,174,13,10,20,2,6,8,11,2,0,0,0,0,0,0,0
1946,"Master","Married",66835,0,0,21,620,26,195,34,17,141,1,6,4,13,2,0,0,0,0,0,0,0
1983,"PhD","Married",23536,1,0,53,6,0,3,0,0,1,1,0,0,3,3,0,0,0,0,0,0,0
1957,"PhD","Single",40737,2,1,24,11,0,4,0,0,2,1,1,0,2,8,0,0,0,0,0,0,0
1960,"Graduation","Single",48904,0,1,1,283,10,38,0,13,27,4,7,2,4,8,0,0,0,0,0,0,0
1975,"Graduation","Together",22280,1,0,85,2,1,4,3,1,2,1,1,0,2,8,0,0,0,0,0,0,0
1976,"Basic","Married",7500,0,0,59,6,16,11,11,1,16,1,2,0,3,8,0,0,0,0,0,0,0
1984,"Graduation","Together",16529,1,0,23,3,0,5,13,0,1,1,1,0,3,6,0,0,0,0,0,0,0
1965,"2n Cycle","Together",71488,0,0,87,162,33,124,40,28,172,2,3,4,7,1,0,0,0,0,0,0,0
1959,"PhD","Together",53537,1,1,17,81,0,6,0,0,6,2,2,1,3,5,0,0,0,0,0,0,0
1984,"2n Cycle","Together",32414,0,0,11,20,6,5,0,9,12,1,1,0,3,7,1,0,0,0,0,0,0
1965,"PhD","Single",40637,1,1,72,22,0,13,0,0,3,2,1,0,3,7,0,0,0,0,0,0,0
1972,"Graduation","Together",77044,0,1,12,625,38,242,50,34,76,2,7,11,11,4,1,0,0,0,0,0,0
1953,"PhD","Together",53593,1,1,60,349,4,78,6,0,43,8,7,2,6,8,0,0,0,0,0,0,0
1966,"Graduation","Together",57811,0,1,49,545,7,114,37,21,78,5,7,2,11,5,0,1,0,0,0,0,0
1965,"PhD","Widow",54111,0,1,97,267,6,54,8,3,50,2,5,2,6,5,0,0,0,0,0,0,0
1953,"Graduation","Married",37716,0,1,4,97,1,41,6,2,41,2,4,1,3,7,0,0,0,0,0,0,0
1972,"Master","Together",49854,1,0,63,123,17,171,39,0,30,5,6,2,5,6,0,0,0,0,0,0,0
1962,"Master","Divorced",59432,0,1,88,317,25,265,25,19,12,3,5,3,11,5,0,0,0,0,0,0,0
1971,"Graduation","Married",66303,0,1,56,1090,12,96,16,12,60,4,3,4,11,8,0,1,0,0,0,0,0
1968,"Master","Divorced",63841,0,1,64,635,15,100,20,7,131,1,9,3,9,6,0,0,0,0,0,0,0
1979,"Graduation","Single",60474,0,1,25,265,199,303,234,9,170,7,10,2,12,7,0,0,0,0,0,0,0
1976,"PhD","Divorced",14849,1,0,39,21,2,28,3,2,9,3,2,0,4,8,0,0,0,0,0,0,0
1974,"Graduation","Single",42373,1,1,83,67,5,61,3,8,19,5,2,1,5,5,0,0,0,0,0,0,0
1954,"PhD","Married",65324,0,1,0,384,0,102,21,32,5,3,6,2,9,4,0,0,0,0,0,0,0
1958,"PhD","Widow",50520,0,1,25,112,0,6,2,1,14,2,3,1,3,6,0,0,0,0,0,0,0
1968,"Master","Divorced",27071,1,0,90,8,3,19,0,2,3,2,2,0,3,6,0,0,0,0,0,0,0
1955,"PhD","Together",46015,1,1,25,38,0,2,0,0,6,1,1,0,3,7,1,0,0,0,1,0,0
1970,"Graduation","Married",90765,0,0,25,547,99,812,151,82,33,0,4,6,5,1,0,0,1,1,0,0,0
1965,"Graduation","Together",71613,0,0,26,426,49,127,111,21,42,1,8,2,10,4,0,0,0,0,0,0,0
1953,"Graduation","Married",75027,0,1,74,925,64,179,133,12,77,2,9,4,6,5,0,0,0,0,0,0,0
1975,"2n Cycle","Widow",47682,0,1,80,162,61,83,97,57,61,4,4,3,8,5,0,0,0,0,0,0,0
1962,"Graduation","Together",76081,0,0,85,292,30,415,63,33,200,1,4,5,4,2,0,0,0,1,0,0,0
1952,"Graduation","Single",61823,0,1,26,523,7,134,37,14,169,4,8,2,10,7,0,0,0,0,0,0,0
1954,"Graduation","Divorced",72071,0,1,4,531,69,300,150,138,150,3,5,4,8,2,0,0,0,0,0,0,0
1972,"Graduation","Divorced",51813,1,1,37,51,2,7,0,1,2,2,2,0,3,7,0,0,0,0,0,0,0
1980,"Graduation","Married",15072,2,0,96,8,2,15,0,10,18,4,3,1,3,5,0,0,0,0,0,0,0
1979,"Graduation","Married",71626,0,0,94,546,72,376,94,145,72,1,5,5,8,3,0,1,0,0,0,0,0
1960,"Master","Married",89058,0,0,18,454,194,106,31,22,43,1,5,4,4,2,0,0,0,0,0,0,0
1961,"Graduation","Married",60544,1,1,92,201,2,43,3,5,35,4,5,1,5,6,0,0,0,0,0,0,0
1972,"Graduation","Married",33622,1,1,22,39,1,22,3,4,12,3,2,0,4,7,0,0,0,0,0,0,0
1960,"Graduation","Together",63381,0,1,78,571,50,142,33,50,159,4,4,5,13,2,0,0,0,0,0,0,0
1954,"PhD","Married",72550,1,1,39,826,50,317,50,38,38,9,5,2,12,8,0,0,0,0,0,0,0
1982,"Graduation","Married",79908,0,0,30,557,129,761,29,185,111,1,5,6,7,2,0,0,1,0,0,0,0
1975,"PhD","Divorced",60554,1,0,8,588,7,76,110,15,15,2,8,4,9,6,0,0,0,0,0,0,0
1966,"Master","Together",33564,0,1,51,61,0,3,0,0,7,1,1,1,3,5,0,0,0,0,0,0,0
1966,"Basic","Together",22634,0,0,47,2,23,11,8,6,46,1,2,1,2,8,0,0,0,0,0,0,0
1984,"Graduation","Married",24570,1,0,97,28,34,62,11,14,44,3,4,0,4,9,0,0,0,0,0,0,0
1948,"Graduation","Together",51315,0,0,45,68,28,39,16,30,41,1,2,2,5,2,0,0,0,0,0,0,0
1969,"Graduation","Single",30822,1,0,92,3,9,13,2,12,12,1,1,0,3,7,0,0,0,0,0,0,0
1969,"Graduation","Together",21918,1,0,37,1,6,7,11,5,3,2,2,0,3,6,0,0,0,0,0,0,0
1964,"Graduation","Together",55761,0,1,97,136,1,12,0,3,32,2,4,1,3,6,0,1,0,0,0,0,0
1975,"Graduation","Single",84196,0,1,56,215,63,507,231,31,190,1,8,4,7,3,0,0,0,0,0,0,0
1973,"Graduation","Married",24639,1,1,3,20,3,16,0,4,1,3,2,0,4,6,0,0,0,0,0,0,0
1948,"PhD","Married",45579,0,1,10,145,1,33,2,1,1,1,4,1,4,6,0,0,0,0,0,0,0
1986,"Graduation","Single",39146,1,0,1,94,1,33,13,12,12,3,4,0,4,8,0,0,0,0,0,0,0
1971,"Graduation","Married",37150,1,0,80,167,37,64,49,34,116,8,4,3,6,7,0,0,0,0,0,0,0
1954,"Graduation","Single",46344,1,1,38,11,1,6,2,1,6,2,1,1,2,5,0,0,0,0,0,0,0
1983,"Graduation","Single",24072,1,0,79,9,1,6,3,0,4,1,1,0,2,8,0,0,0,0,0,0,0
1950,"Graduation","Together",27203,1,1,92,13,2,21,4,0,24,2,1,1,2,8,0,0,0,0,0,0,0
1954,"Graduation","Divorced",64587,1,1,49,66,0,16,0,6,20,2,1,1,4,3,0,0,0,0,0,0,0
1978,"Graduation","Married",38136,1,0,69,8,15,27,0,20,33,2,3,1,2,8,1,0,0,0,0,0,0
1972,"PhD","Married",70116,0,0,73,707,44,603,95,58,29,1,2,8,12,1,0,0,0,0,0,0,0
1980,"Basic","Married",25965,0,0,29,2,2,11,41,7,11,1,2,0,3,8,0,0,0,0,0,0,0
1971,"Master","Married",34109,0,1,39,9,1,5,2,1,4,1,0,0,3,4,0,0,0,0,0,0,0
1950,"PhD","Together",50616,0,1,71,30,2,25,0,1,9,1,1,1,4,2,0,0,0,0,0,0,0
1952,"2n Cycle","Together",57247,0,1,50,99,4,32,37,54,6,2,2,1,7,2,0,0,0,0,0,0,0
1964,"Graduation","Single",18701,1,1,95,12,4,2,10,6,10,4,2,0,4,5,0,0,0,0,0,0,0
1973,"PhD","Married",37401,1,0,14,19,3,19,3,1,3,2,2,0,3,7,0,0,0,0,0,0,0
1963,"PhD","Single",46757,0,1,71,777,30,163,0,51,122,6,4,4,7,9,0,0,0,0,0,0,0
1974,"PhD","Married",34596,1,0,48,14,0,2,0,0,7,1,1,0,2,8,0,0,0,0,0,0,0
1957,"Master","Together",66636,0,0,64,291,10,689,84,10,0,1,3,4,9,1,0,0,0,0,0,0,0
1972,"Graduation","Married",22063,1,0,43,7,10,13,3,11,11,2,2,0,3,7,0,0,0,0,0,0,0
1989,"Graduation","Single",81217,0,0,77,493,70,324,146,40,84,1,3,7,11,1,0,0,0,0,0,0,0
1972,"Graduation","Married",59666,1,1,87,623,53,178,23,17,133,7,3,2,8,8,0,1,0,0,0,0,0
1980,"2n Cycle","Single",67506,0,1,73,90,38,67,33,36,67,1,4,1,6,3,0,0,0,0,0,0,0
1974,"Graduation","Married",26067,1,0,49,22,2,18,0,2,12,3,3,0,3,8,0,0,0,0,0,0,0
1981,"2n Cycle","Married",35523,1,0,8,11,5,22,12,5,11,2,3,0,3,7,0,0,0,0,0,0,0
1973,"Master","Married",60432,0,1,61,365,3,15,4,3,11,5,7,2,5,6,0,0,0,0,0,0,0
1977,"2n Cycle","Single",31878,0,1,7,23,4,5,10,5,23,1,1,0,4,3,0,0,0,0,0,0,0
1969,"Graduation","Together",38361,1,0,74,39,0,56,20,8,14,3,3,1,3,7,0,0,0,0,0,0,0
1957,"Graduation","Together",26091,1,1,84,15,10,19,8,17,20,3,2,1,3,5,0,0,0,0,0,0,0
1956,"Master","Married",50965,0,1,87,544,13,85,8,6,29,3,10,4,5,8,1,0,0,0,0,0,0
1964,"Master","Married",64100,0,1,93,509,0,27,0,0,10,1,8,3,6,7,0,1,0,0,0,0,0
1984,"Graduation","Together",35196,1,0,68,75,12,141,43,39,187,6,6,1,5,8,0,0,0,0,0,0,0
1978,"Graduation","Married",73807,0,1,88,366,124,156,71,78,54,2,5,5,11,2,0,0,0,0,0,0,0
1954,"Graduation","Married",86718,0,0,20,344,189,482,50,33,172,1,5,6,5,2,0,0,0,0,0,0,0
1979,"Graduation","Single",57537,1,0,83,191,56,139,51,8,100,4,4,3,8,4,0,0,0,0,0,0,0
1963,"PhD","Single",48918,1,1,21,52,0,9,0,0,1,2,1,0,4,4,0,0,0,0,0,0,0
1965,"PhD","Single",40760,0,1,64,70,0,17,0,0,6,2,2,1,3,6,0,0,0,0,0,0,0
1976,"PhD","Together",162397,1,1,31,85,1,16,2,1,2,0,0,0,1,1,0,0,0,0,0,0,0
1972,"2n Cycle","Married",24884,1,0,32,3,6,7,0,0,3,1,0,0,3,7,0,0,0,0,0,0,0
1974,"Graduation","Married",44989,0,1,26,98,0,106,49,10,106,5,5,1,5,6,0,0,0,0,0,0,0
1978,"Graduation","Married",38415,1,1,91,22,1,13,4,0,4,2,1,0,3,7,0,0,0,0,0,0,0
1984,"2n Cycle","Married",35684,1,0,66,10,4,7,0,6,3,1,1,0,3,6,0,0,0,0,0,0,0
1989,"Graduation","Single",46107,1,0,78,31,9,27,16,9,33,1,1,1,4,3,0,0,0,0,0,0,0
1974,"Graduation","Divorced",19346,1,0,26,2,0,9,3,6,2,1,1,0,3,8,0,0,0,0,0,0,0
1959,"Graduation","Together",71706,0,1,16,931,56,253,91,98,14,4,9,5,7,5,0,0,0,0,0,0,0
1965,"Graduation","Married",44300,1,1,65,30,0,9,0,0,3,2,1,0,3,6,0,0,0,0,0,0,0
1969,"Graduation","Together",68695,0,0,3,458,81,356,106,50,40,1,4,4,7,2,0,0,0,0,0,0,0
1976,"Graduation","Single",37697,1,0,82,34,6,21,11,4,8,1,2,1,3,6,0,0,0,0,0,0,0
1971,"Graduation","Single",58350,0,1,5,493,26,206,116,80,80,4,8,3,12,6,0,0,0,0,0,0,0
1953,"Master","Together",56129,0,1,65,320,48,133,39,72,48,4,6,2,10,4,0,0,0,0,0,0,0
1972,"Master","Single",46423,1,1,6,68,0,16,0,0,8,3,2,0,4,7,0,0,0,0,0,0,0
1985,"PhD","Single",30298,0,0,48,6,3,12,6,1,0,1,1,1,3,3,0,0,0,0,0,0,0
1970,"PhD","Married",59892,0,1,26,73,0,13,0,1,0,1,2,1,3,3,0,0,0,0,0,0,0
1992,"Basic","Single",18746,1,0,41,2,10,11,12,9,20,2,3,0,3,6,0,0,0,0,0,0,0
1981,"2n Cycle","Together",75774,1,0,27,340,21,134,258,14,56,1,7,5,8,4,0,0,0,0,0,0,0
1963,"Basic","Together",14918,0,1,52,3,3,3,15,4,15,1,1,0,3,6,0,0,0,0,0,0,0
1944,"Master","Married",80184,0,0,19,1035,134,670,25,38,0,1,6,3,10,3,0,0,1,1,0,0,0
1961,"Master","Together",74881,1,1,48,505,72,270,36,27,54,4,9,2,12,5,0,0,0,0,0,0,0
1962,"Graduation","Divorced",37859,1,2,75,22,1,8,2,1,2,2,1,0,3,8,0,0,0,0,0,0,0
1955,"Graduation","Married",67225,0,1,4,315,35,322,46,7,143,3,7,2,11,5,0,0,0,0,0,0,0
1954,"Graduation","Married",93404,1,2,97,1279,15,287,20,0,15,3,3,4,7,5,0,1,1,0,0,0,0
1976,"Graduation","Married",65991,0,1,21,507,19,364,25,47,9,3,9,5,10,7,0,0,0,0,0,0,0
1987,"2n Cycle","Single",23830,0,0,3,1,8,6,4,8,16,1,1,0,3,7,0,0,0,0,0,0,0
1976,"2n Cycle","Together",75484,0,1,50,378,97,259,197,194,34,2,7,3,6,4,0,0,0,0,0,0,0
1984,"2n Cycle","Married",65370,0,0,1,71,22,112,138,89,29,1,2,3,13,1,0,0,0,0,0,0,0
1955,"Graduation","Divorced",49431,0,1,9,219,3,100,26,0,17,2,7,1,5,8,0,0,0,0,0,0,0
1962,"Master","Single",72217,0,0,93,816,42,450,55,56,154,1,3,10,8,2,0,0,0,0,0,0,0
1956,"Master","Single",64857,0,0,78,556,14,717,210,0,43,1,7,5,10,4,0,0,0,0,0,0,0
1954,"Graduation","Married",62820,0,0,51,398,61,265,138,61,53,1,3,4,6,1,0,0,0,0,0,0,0
1967,"Master","Married",37054,1,1,89,12,1,6,0,1,5,2,1,0,3,7,0,0,0,0,0,0,0
1973,"Graduation","Widow",42429,0,1,99,55,0,6,2,0,4,2,1,1,3,5,0,0,0,0,0,0,0
1963,"Graduation","Together",77226,0,1,29,631,43,239,128,76,21,2,6,8,12,3,0,0,0,0,0,0,0
1976,"PhD","Married",51650,0,1,81,152,3,22,2,5,7,1,4,1,4,5,0,0,0,0,0,0,0
1979,"Graduation","Married",7500,0,1,61,5,2,3,3,0,5,1,1,0,2,8,0,0,0,0,0,0,0
1969,"Graduation","Widow",43638,0,1,37,63,10,83,7,19,19,2,4,1,4,7,0,0,0,0,0,0,0
1972,"Graduation","Together",64474,0,1,59,381,35,172,56,86,93,2,8,2,10,5,0,0,0,0,0,0,0
1949,"Master","Married",36408,1,1,11,9,1,4,3,2,3,1,1,0,2,6,0,0,0,0,0,0,0
1976,"Master","Together",65104,0,1,4,738,0,232,13,20,50,2,3,5,7,7,0,0,0,0,0,0,0
1950,"Graduation","Together",34026,1,1,11,18,6,15,12,8,17,3,2,1,3,5,0,0,0,0,0,0,0
1981,"Master","Married",36959,1,0,56,25,6,25,6,0,0,2,2,0,3,8,0,0,0,0,0,0,0
1955,"2n Cycle","Divorced",41769,0,1,31,302,29,131,32,0,27,6,8,1,7,8,0,0,0,0,0,0,0
1973,"Graduation","Married",79593,0,0,70,350,60,568,110,133,145,1,5,6,7,2,0,0,1,0,0,0,0
1960,"Master","Single",98777,0,0,23,1000,19,711,125,115,38,0,4,6,9,1,0,1,0,0,0,0,0
1954,"PhD","Married",65324,0,1,0,384,0,102,21,32,5,3,6,2,9,4,0,0,0,0,0,0,0
1971,"Master","Divorced",44635,1,1,25,56,0,9,0,0,3,2,2,0,3,7,0,0,0,0,0,0,0
1953,"Graduation","Together",41452,1,1,86,13,0,3,0,0,0,1,1,0,2,7,0,0,0,0,0,0,0
1978,"2n Cycle","Together",38702,1,0,71,13,11,24,13,8,40,2,3,0,4,6,0,0,0,0,0,0,0
1986,"Graduation","Married",71952,1,0,93,656,80,455,52,107,93,2,8,4,8,4,1,0,1,0,0,0,0
1966,"Graduation","Married",54198,1,1,13,185,0,28,3,2,17,6,3,1,6,4,0,0,0,0,0,0,0
1964,"Graduation","Married",82224,0,0,83,307,26,360,138,31,40,1,6,9,5,3,0,0,0,1,0,0,0
1969,"Graduation","Single",81657,0,0,69,364,40,425,158,60,50,1,3,4,8,1,0,0,0,0,0,0,0
1972,"Basic","Married",25224,1,0,36,4,9,12,11,2,8,2,1,1,3,3,0,0,0,0,0,0,0
1986,"Master","Single",19485,2,0,80,6,0,4,0,0,0,1,1,0,2,7,0,0,0,0,0,0,0
1990,"PhD","Married",74214,0,0,3,863,83,547,86,99,33,1,8,2,5,5,0,0,0,0,0,0,0
1972,"Graduation","Together",26290,1,1,49,15,8,16,11,5,22,4,2,0,4,6,0,0,0,0,0,0,0
1963,"Graduation","Married",77437,0,0,70,560,21,442,29,44,29,1,4,5,13,1,0,0,1,0,0,0,0
1963,"PhD","Together",66313,0,1,86,625,7,99,10,22,7,2,6,3,12,4,0,0,0,0,0,0,0
1957,"PhD","Together",40451,0,2,54,35,0,4,0,0,10,1,1,1,2,5,1,0,0,0,0,0,0
1969,"Graduation","Single",54803,0,1,65,404,0,92,28,27,142,2,6,2,9,4,0,0,0,0,0,0,0
1970,"PhD","Married",69084,1,0,43,1181,107,199,39,30,30,2,7,3,13,8,0,0,0,0,0,0,0
1956,"Graduation","Divorced",26150,2,1,61,5,1,13,3,5,1,1,1,0,3,7,0,0,0,0,0,0,0
1946,"Graduation","Together",82657,0,0,71,966,168,672,246,105,126,1,7,5,10,4,0,1,0,1,0,0,0
1978,"Graduation","Married",17345,1,0,79,4,9,16,17,0,12,2,2,1,2,8,0,0,0,0,0,0,0
1953,"Graduation","Married",39722,0,1,92,32,0,5,2,0,8,2,2,0,3,5,0,0,0,0,0,0,0
1959,"PhD","Married",38829,0,1,86,76,0,7,0,0,16,1,3,2,2,5,0,0,0,0,0,0,0
1969,"Graduation","Single",18589,0,0,89,6,4,25,15,12,13,2,2,1,3,7,0,0,0,0,0,0,0
1975,"Graduation","Divorced",70300,1,0,89,1045,61,338,60,46,46,3,5,5,13,8,0,0,0,0,0,0,0
1977,"Graduation","Divorced",32952,1,0,36,38,0,12,3,1,1,1,2,0,3,7,0,0,0,0,0,0,0
1965,"Master","Married",53843,0,1,64,378,0,88,19,4,73,4,8,5,3,7,0,0,0,0,0,0,0
1949,"Master","Married",48150,0,1,24,173,2,39,3,2,47,3,5,1,4,7,0,0,0,0,0,0,0
1966,"Graduation","Single",43602,1,1,45,19,5,12,10,3,19,3,3,1,2,6,0,0,0,0,0,0,0
1957,"Graduation","Together",42213,0,1,96,309,3,24,4,3,20,2,5,1,7,7,0,1,0,0,0,0,0
1969,"Graduation","Together",62882,0,1,26,509,133,497,78,24,97,2,7,5,6,4,0,0,0,0,0,0,0
1952,"Graduation","Together",34074,1,1,69,135,1,41,10,1,67,5,3,3,3,6,1,0,0,0,0,0,0
1957,"2n Cycle","Married",53233,0,1,18,28,0,9,3,0,0,1,1,0,3,4,0,0,0,0,0,0,0
1952,"PhD","Together",61010,0,1,57,888,0,57,0,0,76,2,8,5,11,5,0,0,0,0,0,0,0
1974,"Graduation","Married",40049,0,1,61,91,65,52,10,44,28,3,3,2,6,5,0,0,0,0,0,0,0
1951,"PhD","Widow",67680,0,1,8,546,0,48,0,6,6,1,7,3,8,5,0,0,0,0,0,0,0
1975,"Graduation","Single",33249,1,0,11,6,10,21,19,14,42,2,2,1,3,6,0,0,0,0,0,0,0
1969,"Master","Married",42169,1,1,20,19,0,9,0,0,2,2,1,0,3,8,0,0,0,0,0,0,0
1978,"Graduation","Married",65819,0,0,99,267,38,701,149,165,63,1,5,4,10,3,0,0,0,0,0,0,0
1965,"PhD","Married",62745,0,1,89,562,21,464,28,10,32,3,7,8,11,5,0,0,0,0,0,0,0
1951,"Graduation","Single",15033,0,0,37,0,4,5,6,0,4,1,1,0,3,3,0,0,0,0,0,0,0
1964,"Graduation","Married",42523,0,0,96,14,36,11,3,26,35,1,1,1,4,2,0,0,0,0,0,0,0
1962,"PhD","Together",31497,0,1,22,108,1,28,13,1,4,2,3,1,4,8,0,0,0,0,0,0,0
1965,"2n Cycle","Married",46891,0,1,91,43,12,23,29,15,61,1,2,1,4,4,0,0,0,0,0,0,0
1956,"Master","Together",50943,0,1,49,31,0,7,2,0,6,1,1,0,3,5,0,0,0,0,0,0,0
1969,"Graduation","Together",38361,1,0,74,39,0,56,20,8,14,3,3,1,3,7,0,0,0,0,0,0,0
1974,"PhD","Single",31560,1,0,98,62,1,20,4,0,7,2,2,1,3,8,0,0,0,0,0,0,0
1991,"PhD","Together",68682,0,0,56,919,0,505,99,30,45,1,4,9,10,2,0,0,0,0,0,0,0
1966,"PhD","Single",46734,1,2,86,100,1,39,6,1,76,4,3,2,3,6,1,0,0,0,0,0,0
1967,"Graduation","Together",32474,1,1,0,10,0,1,0,0,0,1,1,0,2,7,0,0,0,0,0,0,0
1993,"Graduation","Single",72354,0,0,67,315,26,473,220,12,182,1,2,10,6,1,0,0,0,0,0,0,0
1963,"PhD","Single",36736,1,1,52,10,0,3,0,0,4,1,1,0,2,6,0,0,0,0,0,0,0
