Fecha,Maiz_precio
08/06/2023,1.6
07/06/2023,1.6
06/06/2023,1.6
05/06/2023,1.59
03/06/2023,1.59
02/06/2023,1.6
01/06/2023,1.61
31/05/2023,1.6
30/05/2023,1.6
29/05/2023,1.6
27/05/2023,1.6
26/05/2023,1.61
25/05/2023,1.61
24/05/2023,1.61
23/05/2023,1.6
22/05/2023,1.61
20/05/2023,1.61
19/05/2023,1.61
18/05/2023,1.61
17/05/2023,1.61
16/05/2023,1.61
15/05/2023,1.61
13/05/2023,1.61
12/05/2023,1.61
11/05/2023,1.61
10/05/2023,1.61
09/05/2023,1.6
08/05/2023,1.61
06/05/2023,1.61
05/05/2023,1.61
04/05/2023,1.61
03/05/2023,1.62
02/05/2023,1.63
01/05/2023,1.63
29/04/2023,1.63
28/04/2023,1.63
27/04/2023,1.63
26/04/2023,1.63
25/04/2023,1.63
24/04/2023,1.63
22/04/2023,1.63
21/04/2023,1.63
20/04/2023,1.63
19/04/2023,1.63
18/04/2023,1.63
17/04/2023,1.62
15/04/2023,1.62
14/04/2023,1.62
13/04/2023,1.62
12/04/2023,1.62
11/04/2023,1.62
10/04/2023,1.62
08/04/2023,1.62
07/04/2023,1.62
06/04/2023,1.62
05/04/2023,1.63
04/04/2023,1.62
03/04/2023,1.62
01/04/2023,1.62
31/03/2023,1.63
30/03/2023,1.63
29/03/2023,1.64
28/03/2023,1.63
27/03/2023,1.63
25/03/2023,1.64
24/03/2023,1.64
23/03/2023,1.64
22/03/2023,1.64
21/03/2023,1.64
20/03/2023,1.66
18/03/2023,1.66
17/03/2023,1.65
16/03/2023,1.65
15/03/2023,1.67
14/03/2023,1.68
13/03/2023,1.68
10/03/2023,1.69
09/03/2023,1.7
08/03/2023,1.7
07/03/2023,1.71
06/03/2023,1.72
04/03/2023,1.73
03/03/2023,1.73
02/03/2023,1.74
01/03/2023,1.75
28/02/2023,1.75
27/02/2023,1.75
25/02/2023,1.76
24/02/2023,1.76
23/02/2023,1.75
22/02/2023,1.76
21/02/2023,1.76
20/02/2023,1.76
18/02/2023,1.75
17/02/2023,1.76
16/02/2023,1.77
15/02/2023,1.76
14/02/2023,1.76
13/02/2023,1.77
11/02/2023,1.76
10/02/2023,1.77
09/02/2023,1.78
08/02/2023,1.78
07/02/2023,1.78
06/02/2023,1.8
04/02/2023,1.81
03/02/2023,1.8
02/02/2023,1.81
01/02/2023,1.81
31/01/2023,1.81
30/01/2023,1.82
28/01/2023,1.82
27/01/2023,1.82
26/01/2023,1.82
25/01/2023,1.83
24/01/2023,1.85
23/01/2023,1.86
21/01/2023,1.87
20/01/2023,1.87
19/01/2023,1.86
18/01/2023,1.86
17/01/2023,1.86
16/01/2023,1.86
14/01/2023,1.86
13/01/2023,1.86
12/01/2023,1.86
11/01/2023,1.86
10/01/2023,1.86
09/01/2023,1.86
08/01/2023,1.87
07/01/2023,1.87
06/01/2023,1.87
05/01/2023,1.87
04/01/2023,1.87
03/01/2023,1.87
02/01/2023,1.86
31/12/2022,1.86
30/12/2022,1.85
29/12/2022,1.86
28/12/2022,1.86
27/12/2022,1.86
26/12/2022,1.86
24/12/2022,1.87
23/12/2022,1.86
22/12/2022,1.86
21/12/2022,1.86
20/12/2022,1.87
19/12/2022,1.87
17/12/2022,1.86
16/12/2022,1.87
15/12/2022,1.87
14/12/2022,1.87
13/12/2022,1.86
12/12/2022,1.87
10/12/2022,1.86
09/12/2022,1.87
08/12/2022,1.87
07/12/2022,1.88
06/12/2022,1.88
05/12/2022,1.88
03/12/2022,1.88
02/12/2022,1.88
01/12/2022,1.88
30/11/2022,1.88
29/11/2022,1.89
28/11/2022,1.89
26/11/2022,1.89
25/11/2022,1.89
24/11/2022,1.89
23/11/2022,1.88
22/11/2022,1.88
21/11/2022,1.87
19/11/2022,1.87
18/11/2022,1.88
17/11/2022,1.88
16/11/2022,1.86
15/11/2022,1.87
14/11/2022,1.82
12/11/2022,1.82
11/11/2022,1.82
10/11/2022,1.82
09/11/2022,1.82
08/11/2022,1.84
07/11/2022,1.82
05/11/2022,1.82
04/11/2022,1.82
03/11/2022,1.82
02/11/2022,1.82
31/10/2022,1.82
29/10/2022,1.82
28/10/2022,1.82
27/10/2022,1.82
26/10/2022,1.82
25/10/2022,1.82
24/10/2022,1.82
22/10/2022,1.81
21/10/2022,1.82
20/10/2022,1.82
19/10/2022,1.81
18/10/2022,1.81
17/10/2022,1.81
15/10/2022,1.81
14/10/2022,1.82
13/10/2022,1.81
12/10/2022,1.81
11/10/2022,1.82
10/10/2022,1.83
08/10/2022,1.82
07/10/2022,1.83
06/10/2022,1.83
05/10/2022,1.83
04/10/2022,1.83
03/10/2022,1.83
01/10/2022,1.83
30/09/2022,1.83
29/09/2022,1.83
28/09/2022,1.83
27/09/2022,1.83
26/09/2022,1.83
24/09/2022,1.83
23/09/2022,1.81
22/09/2022,1.81
21/09/2022,1.82
20/09/2022,1.82
19/09/2022,1.83
17/09/2022,1.83
16/09/2022,1.83
15/09/2022,1.82
14/09/2022,1.83
13/09/2022,1.83
12/09/2022,1.83
10/09/2022,1.84
09/09/2022,1.84
08/09/2022,1.85
07/09/2022,1.84
06/09/2022,1.84
05/09/2022,1.85
04/09/2022,1.85
03/09/2022,1.85
02/09/2022,1.85
01/09/2022,1.85
31/08/2022,1.86
30/08/2022,1.87
29/08/2022,1.86
27/08/2022,1.87
26/08/2022,1.87
25/08/2022,1.87
24/08/2022,1.87
23/08/2022,1.88
22/08/2022,1.88
20/08/2022,1.89
19/08/2022,1.89
18/08/2022,1.89
17/08/2022,1.9
16/08/2022,1.91
15/08/2022,1.92
13/08/2022,1.93
12/08/2022,1.93
11/08/2022,1.93
10/08/2022,1.93
09/08/2022,1.93
08/08/2022,1.93
06/08/2022,1.95
05/08/2022,1.95
04/08/2022,1.95
03/08/2022,1.96
02/08/2022,1.95
01/08/2022,1.95
31/07/2022,1.95
30/07/2022,1.95
29/07/2022,1.96
28/07/2022,1.96
27/07/2022,1.96
26/07/2022,1.96
25/07/2022,1.96
24/07/2022,1.97
23/07/2022,1.97
22/07/2022,1.97
21/07/2022,1.97
20/07/2022,1.97
19/07/2022,1.97
18/07/2022,1.97
17/07/2022,1.97
16/07/2022,1.97
15/07/2022,1.98
14/07/2022,1.98
13/07/2022,1.98
12/07/2022,1.98
11/07/2022,1.98
10/07/2022,1.98
09/07/2022,1.98
08/07/2022,1.98
07/07/2022,1.98
06/07/2022,1.97
05/07/2022,1.97
04/07/2022,1.97
03/07/2022,1.97
02/07/2022,1.95
01/07/2022,1.96
30/06/2022,1.95
29/06/2022,1.94
28/06/2022,1.93
27/06/2022,1.88
26/06/2022,1.85
25/06/2022,1.85
24/06/2022,1.85
23/06/2022,1.84
22/06/2022,1.83
21/06/2022,1.8
20/06/2022,1.76
18/06/2022,1.76
17/06/2022,1.76
16/06/2022,1.75
15/06/2022,1.76
14/06/2022,1.75
13/06/2022,1.76
11/06/2022,1.76
10/06/2022,1.76
09/06/2022,1.76
08/06/2022,1.76
07/06/2022,1.76
06/06/2022,1.76
04/06/2022,1.76
03/06/2022,1.76
02/06/2022,1.76
01/06/2022,1.77
31/05/2022,1.77
30/05/2022,1.77
28/05/2022,1.77
27/05/2022,1.77
26/05/2022,1.77
25/05/2022,1.77
24/05/2022,1.77
23/05/2022,1.77
21/05/2022,1.77
20/05/2022,1.78
19/05/2022,1.78
18/05/2022,1.77
17/05/2022,1.78
16/05/2022,1.78
14/05/2022,1.78
13/05/2022,1.78
12/05/2022,1.79
11/05/2022,1.79
10/05/2022,1.78
09/05/2022,1.78
07/05/2022,1.78
06/05/2022,1.78
05/05/2022,1.79
04/05/2022,1.8
03/05/2022,1.8
02/05/2022,1.83
30/04/2022,1.83
29/04/2022,1.83
28/04/2022,1.83
27/04/2022,1.84
26/04/2022,1.83
25/04/2022,1.81
23/04/2022,1.82
22/04/2022,1.81
21/04/2022,1.82
20/04/2022,1.82
19/04/2022,1.82
18/04/2022,1.84
16/04/2022,1.84
13/04/2022,1.84
12/04/2022,1.84
11/04/2022,1.84
09/04/2022,1.83
08/04/2022,1.83
07/04/2022,1.83
06/04/2022,1.83
05/04/2022,1.83
04/04/2022,1.82
02/04/2022,1.8
01/04/2022,1.8
31/03/2022,1.78
30/03/2022,1.77
29/03/2022,1.77
28/03/2022,1.76
26/03/2022,1.71
25/03/2022,1.71
24/03/2022,1.71
23/03/2022,1.7
22/03/2022,1.69
21/03/2022,1.69
19/03/2022,1.69
18/03/2022,1.68
17/03/2022,1.69
16/03/2022,1.69
15/03/2022,1.68
14/03/2022,1.68
13/03/2022,1.68
12/03/2022,1.68
11/03/2022,1.69
10/03/2022,1.68
09/03/2022,1.69
08/03/2022,1.69
07/03/2022,1.68
05/03/2022,1.68
04/03/2022,1.69
03/03/2022,1.71
02/03/2022,1.7
01/03/2022,1.68
28/02/2022,1.68
26/02/2022,1.69
25/02/2022,1.69
24/02/2022,1.69
23/02/2022,1.69
22/02/2022,1.69
21/02/2022,1.69
19/02/2022,1.69
18/02/2022,1.71
17/02/2022,1.71
16/02/2022,1.73
15/02/2022,1.78
14/02/2022,1.78
12/02/2022,1.79
11/02/2022,1.79
10/02/2022,1.79
09/02/2022,1.8
08/02/2022,1.82
07/02/2022,1.82
05/02/2022,1.82
04/02/2022,1.82
03/02/2022,1.82
02/02/2022,1.83
01/02/2022,1.83
31/01/2022,1.83
29/01/2022,1.84
28/01/2022,1.84
27/01/2022,1.85
26/01/2022,1.85
25/01/2022,1.85
24/01/2022,1.85
22/01/2022,1.85
21/01/2022,1.85
20/01/2022,1.85
19/01/2022,1.85
18/01/2022,1.85
17/01/2022,1.85
15/01/2022,1.85
14/01/2022,1.85
13/01/2022,1.85
12/01/2022,1.85
11/01/2022,1.85
10/01/2022,1.85
08/01/2022,1.83
07/01/2022,1.84
06/01/2022,1.84
05/01/2022,1.84
04/01/2022,1.83
03/01/2022,1.82
02/01/2022,1.82
01/01/2022,1.82
31/12/2021,1.82
30/12/2021,1.82
29/12/2021,1.82
28/12/2021,1.82
27/12/2021,1.82
24/12/2021,1.82
23/12/2021,1.83
22/12/2021,1.83
21/12/2021,1.83
20/12/2021,1.83
18/12/2021,1.83
17/12/2021,1.83
16/12/2021,1.83
15/12/2021,1.83
14/12/2021,1.83
13/12/2021,1.83
11/12/2021,1.83
10/12/2021,1.84
09/12/2021,1.83
08/12/2021,1.83
07/12/2021,1.84
06/12/2021,1.84
04/12/2021,1.84
03/12/2021,1.83
02/12/2021,1.83
01/12/2021,1.82
30/11/2021,1.83
29/11/2021,1.83
27/11/2021,1.83
26/11/2021,1.83
25/11/2021,1.82
24/11/2021,1.81
23/11/2021,1.83
22/11/2021,1.8
20/11/2021,1.81
19/11/2021,1.79
18/11/2021,1.78
17/11/2021,1.78
16/11/2021,1.76
15/11/2021,1.75
13/11/2021,1.75
12/11/2021,1.75
11/11/2021,1.73
10/11/2021,1.73
09/11/2021,1.73
08/11/2021,1.72
07/11/2021,1.72
06/11/2021,1.72
05/11/2021,1.72
04/11/2021,1.72
03/11/2021,1.7
02/11/2021,1.7
30/10/2021,1.7
29/10/2021,1.7
28/10/2021,1.7
27/10/2021,1.7
26/10/2021,1.7
25/10/2021,1.69
23/10/2021,1.69
22/10/2021,1.7
21/10/2021,1.69
20/10/2021,1.68
19/10/2021,1.67
18/10/2021,1.67
16/10/2021,1.67
15/10/2021,1.67
14/10/2021,1.67
13/10/2021,1.67
12/10/2021,1.67
11/10/2021,1.68
09/10/2021,1.68
07/10/2021,1.68
06/10/2021,1.68
05/10/2021,1.68
04/10/2021,1.7
02/10/2021,1.7
01/10/2021,1.7
30/09/2021,1.7
29/09/2021,1.7
28/09/2021,1.7
27/09/2021,1.7
25/09/2021,1.7
24/09/2021,1.69
23/09/2021,1.69
22/09/2021,1.69
21/09/2021,1.69
20/09/2021,1.67
18/09/2021,1.66
17/09/2021,1.66
16/09/2021,1.67
15/09/2021,1.67
14/09/2021,1.67
13/09/2021,1.67
11/09/2021,1.67
10/09/2021,1.68
09/09/2021,1.67
08/09/2021,1.67
07/09/2021,1.66
06/09/2021,1.67
04/09/2021,1.66
03/09/2021,1.67
02/09/2021,1.67
01/09/2021,1.67
31/08/2021,1.66
30/08/2021,1.66
28/08/2021,1.66
27/08/2021,1.66
26/08/2021,1.66
25/08/2021,1.67
24/08/2021,1.66
23/08/2021,1.67
21/08/2021,1.67
20/08/2021,1.67
19/08/2021,1.67
18/08/2021,1.67
17/08/2021,1.67
16/08/2021,1.67
14/08/2021,1.67
13/08/2021,1.66
12/08/2021,1.67
11/08/2021,1.67
10/08/2021,1.67
09/08/2021,1.67
07/08/2021,1.67
06/08/2021,1.67
05/08/2021,1.67
04/08/2021,1.67
03/08/2021,1.64
02/08/2021,1.63
31/07/2021,1.63
30/07/2021,1.63
27/07/2021,1.64
26/07/2021,1.63
24/07/2021,1.63
23/07/2021,1.64
22/07/2021,1.63
21/07/2021,1.63
20/07/2021,1.63
19/07/2021,1.63
17/07/2021,1.63
16/07/2021,1.63
15/07/2021,1.63
14/07/2021,1.63
13/07/2021,1.63
12/07/2021,1.63
10/07/2021,1.63
09/07/2021,1.63
08/07/2021,1.63
07/07/2021,1.63
06/07/2021,1.63
05/07/2021,1.63
03/07/2021,1.63
02/07/2021,1.63
01/07/2021,1.63
30/06/2021,1.64
29/06/2021,1.63
28/06/2021,1.63
27/06/2021,1.64
26/06/2021,1.64
25/06/2021,1.64
24/06/2021,1.64
23/06/2021,1.64
22/06/2021,1.63
21/06/2021,1.64
19/06/2021,1.64
18/06/2021,1.64
17/06/2021,1.65
16/06/2021,1.64
15/06/2021,1.64
14/06/2021,1.64
12/06/2021,1.64
11/06/2021,1.64
10/06/2021,1.64
09/06/2021,1.65
08/06/2021,1.65
07/06/2021,1.65
06/06/2021,1.65
05/06/2021,1.65
04/06/2021,1.65
03/06/2021,1.66
02/06/2021,1.66
01/06/2021,1.65
31/05/2021,1.66
30/05/2021,1.67
29/05/2021,1.67
28/05/2021,1.67
27/05/2021,1.66
26/05/2021,1.67
25/05/2021,1.67
24/05/2021,1.66
23/05/2021,1.66
22/05/2021,1.66
21/05/2021,1.66
20/05/2021,1.66
19/05/2021,1.66
18/05/2021,1.66
17/05/2021,1.66
16/05/2021,1.66
15/05/2021,1.66
14/05/2021,1.66
13/05/2021,1.65
12/05/2021,1.66
11/05/2021,1.65
10/05/2021,1.66
09/05/2021,1.66
08/05/2021,1.66
07/05/2021,1.66
06/05/2021,1.66
05/05/2021,1.66
04/05/2021,1.65
03/05/2021,1.62
02/05/2021,1.62
01/05/2021,1.62
30/04/2021,1.62
29/04/2021,1.62
28/04/2021,1.62
27/04/2021,1.62
26/04/2021,1.62
25/04/2021,1.62
24/04/2021,1.62
23/04/2021,1.61
22/04/2021,1.61
21/04/2021,1.6
20/04/2021,1.61
19/04/2021,1.57
18/04/2021,1.57
17/04/2021,1.57
16/04/2021,1.57
15/04/2021,1.57
14/04/2021,1.57
13/04/2021,1.57
12/04/2021,1.57
11/04/2021,1.57
10/04/2021,1.57
09/04/2021,1.55
08/04/2021,1.54
07/04/2021,1.52
06/04/2021,1.53
05/04/2021,1.52
04/04/2021,1.47
03/04/2021,1.47
02/04/2021,1.47
01/04/2021,1.47
31/03/2021,1.47
30/03/2021,1.47
29/03/2021,1.47
28/03/2021,1.47
27/03/2021,1.47
26/03/2021,1.47
25/03/2021,1.47
24/03/2021,1.47
23/03/2021,1.47
22/03/2021,1.47
21/03/2021,1.43
20/03/2021,1.43
19/03/2021,1.47
18/03/2021,1.47
17/03/2021,1.47
16/03/2021,1.47
15/03/2021,1.47
14/03/2021,1.47
13/03/2021,1.47
12/03/2021,1.47
11/03/2021,1.47
10/03/2021,1.47
09/03/2021,1.47
08/03/2021,1.47
07/03/2021,1.47
06/03/2021,1.47
05/03/2021,1.48
04/03/2021,1.48
03/03/2021,1.48
02/03/2021,1.48
01/03/2021,1.48
27/02/2021,1.49
26/02/2021,1.49
25/02/2021,1.5
24/02/2021,1.5
23/02/2021,1.5
22/02/2021,1.5
21/02/2021,1.5
20/02/2021,1.5
19/02/2021,1.5
18/02/2021,1.5
17/02/2021,1.5
16/02/2021,1.5
15/02/2021,1.51
14/02/2021,1.51
13/02/2021,1.51
12/02/2021,1.51
11/02/2021,1.54
10/02/2021,1.54
09/02/2021,1.54
08/02/2021,1.54
07/02/2021,1.54
06/02/2021,1.54
05/02/2021,1.54
04/02/2021,1.54
03/02/2021,1.54
02/02/2021,1.54
01/02/2021,1.54
31/01/2021,1.54
30/01/2021,1.54
29/01/2021,1.53
28/01/2021,1.55
27/01/2021,1.55
26/01/2021,1.54
25/01/2021,1.54
24/01/2021,1.54
23/01/2021,1.54
22/01/2021,1.53
21/01/2021,1.53
20/01/2021,1.52
19/01/2021,1.48
18/01/2021,1.46
17/01/2021,1.46
16/01/2021,1.46
15/01/2021,1.46
14/01/2021,1.46
13/01/2021,1.46
12/01/2021,1.47
11/01/2021,1.47
10/01/2021,1.47
09/01/2021,1.46
08/01/2021,1.46
07/01/2021,1.46
06/01/2021,1.46
05/01/2021,1.47
04/01/2021,1.47
03/01/2021,1.47
02/01/2021,1.47
01/01/2021,1.47
31/12/2020,1.47
30/12/2020,1.46
29/12/2020,1.46
28/12/2020,1.46
27/12/2020,1.46
26/12/2020,1.46
24/12/2020,1.46
23/12/2020,1.46
22/12/2020,1.46
21/12/2020,1.46
20/12/2020,1.46
19/12/2020,1.46
18/12/2020,1.46
17/12/2020,1.46
16/12/2020,1.46
15/12/2020,1.46
14/12/2020,1.46
13/12/2020,1.46
12/12/2020,1.46
11/12/2020,1.45
10/12/2020,1.46
09/12/2020,1.46
08/12/2020,1.46
07/12/2020,1.46
06/12/2020,1.46
05/12/2020,1.46
04/12/2020,1.46
03/12/2020,1.46
02/12/2020,1.46
01/12/2020,1.46
30/11/2020,1.47
29/11/2020,1.47
28/11/2020,1.47
27/11/2020,1.46
26/11/2020,1.46
25/11/2020,1.46
24/11/2020,1.46
23/11/2020,1.45
22/11/2020,1.44
21/11/2020,1.44
20/11/2020,1.43
19/11/2020,1.43
18/11/2020,1.44
17/11/2020,1.4
16/11/2020,1.4
15/11/2020,1.39
14/11/2020,1.39
13/11/2020,1.39
12/11/2020,1.39
11/11/2020,1.39
10/11/2020,1.39
09/11/2020,1.38
08/11/2020,1.37
07/11/2020,1.37
06/11/2020,1.36
05/11/2020,1.37
04/11/2020,1.37
03/11/2020,1.37
02/11/2020,1.37
01/11/2020,1.37
31/10/2020,1.37
30/10/2020,1.37
29/10/2020,1.37
28/10/2020,1.37
27/10/2020,1.37
26/10/2020,1.37
25/10/2020,1.37
24/10/2020,1.37
23/10/2020,1.38
22/10/2020,1.39
21/10/2020,1.39
20/10/2020,1.39
19/10/2020,1.39
18/10/2020,1.38
17/10/2020,1.38
16/10/2020,1.38
15/10/2020,1.38
14/10/2020,1.38
13/10/2020,1.39
12/10/2020,1.38
11/10/2020,1.38
10/10/2020,1.38
09/10/2020,1.38
08/10/2020,1.38
07/10/2020,1.38
06/10/2020,1.38
05/10/2020,1.35
04/10/2020,1.35
03/10/2020,1.35
02/10/2020,1.34
01/10/2020,1.34
30/09/2020,1.33
29/09/2020,1.33
28/09/2020,1.34
27/09/2020,1.33
26/09/2020,1.33
25/09/2020,1.32
24/09/2020,1.29
23/09/2020,1.29
22/09/2020,1.29
21/09/2020,1.29
20/09/2020,1.29
19/09/2020,1.29
18/09/2020,1.29
17/09/2020,1.28
16/09/2020,1.27
15/09/2020,1.28
14/09/2020,1.27
13/09/2020,1.26
12/09/2020,1.26
11/09/2020,1.27
10/09/2020,1.26
09/09/2020,1.25
08/09/2020,1.25
07/09/2020,1.26
06/09/2020,1.25
05/09/2020,1.25
04/09/2020,1.23
03/09/2020,1.21
02/09/2020,1.22
01/09/2020,1.22
31/08/2020,1.22
30/08/2020,1.22
29/08/2020,1.22
28/08/2020,1.22
27/08/2020,1.22
26/08/2020,1.22
25/08/2020,1.22
24/08/2020,1.22
23/08/2020,1.22
22/08/2020,1.22
21/08/2020,1.22
20/08/2020,1.22
19/08/2020,1.22
18/08/2020,1.21
17/08/2020,1.2
16/08/2020,1.2
15/08/2020,1.2
14/08/2020,1.21
13/08/2020,1.21
12/08/2020,1.21
11/08/2020,1.2
10/08/2020,1.2
09/08/2020,1.2
08/08/2020,1.2
07/08/2020,1.2
06/08/2020,1.2
05/08/2020,1.2
04/08/2020,1.2
03/08/2020,1.2
02/08/2020,1.2
01/08/2020,1.2
31/07/2020,1.2
30/07/2020,1.2
29/07/2020,1.2
28/07/2020,1.2
27/07/2020,1.2
26/07/2020,1.2
25/07/2020,1.2
24/07/2020,1.2
23/07/2020,1.2
22/07/2020,1.2
21/07/2020,1.2
20/07/2020,1.2
19/07/2020,1.19
18/07/2020,1.19
17/07/2020,1.19
16/07/2020,1.2
15/07/2020,1.19
14/07/2020,1.19
13/07/2020,1.19
12/07/2020,1.19
11/07/2020,1.19
10/07/2020,1.19
09/07/2020,1.19
08/07/2020,1.19
07/07/2020,1.19
06/07/2020,1.19
05/07/2020,1.19
04/07/2020,1.19
03/07/2020,1.19
02/07/2020,1.19
01/07/2020,1.19
30/06/2020,1.19
29/06/2020,1.19
28/06/2020,1.19
27/06/2020,1.19
26/06/2020,1.19
25/06/2020,1.19
24/06/2020,1.19
23/06/2020,1.2
22/06/2020,1.2
21/06/2020,1.2
20/06/2020,1.2
19/06/2020,1.2
18/06/2020,1.2
17/06/2020,1.2
16/06/2020,1.2
15/06/2020,1.2
14/06/2020,1.2
13/06/2020,1.2
12/06/2020,1.19
11/06/2020,1.18
10/06/2020,1.18
09/06/2020,1.18
08/06/2020,1.18
06/06/2020,1.18
05/06/2020,1.18
04/06/2020,1.19
03/06/2020,1.2
02/06/2020,1.2
01/06/2020,1.21
22/05/2020,1.22
21/05/2020,1.22
20/05/2020,1.22
19/05/2020,1.22
18/05/2020,1.22
17/05/2020,1.22
16/05/2020,1.22
15/05/2020,1.22
14/05/2020,1.22
13/05/2020,1.23
12/05/2020,1.22
11/05/2020,1.23
10/05/2020,1.23
09/05/2020,1.23
08/05/2020,1.23
07/05/2020,1.24
06/05/2020,1.23
05/05/2020,1.24
04/05/2020,1.24
03/05/2020,1.24
02/05/2020,1.24
01/05/2020,1.24
30/04/2020,1.25
29/04/2020,1.26
28/04/2020,1.25
27/04/2020,1.25
26/04/2020,1.25
25/04/2020,1.25
24/04/2020,1.24
23/04/2020,1.24
22/04/2020,1.25
21/04/2020,1.25
20/04/2020,1.26
19/04/2020,1.25
18/04/2020,1.25
17/04/2020,1.27
16/04/2020,1.26
15/04/2020,1.25
14/04/2020,1.25
13/04/2020,1.24
12/04/2020,1.23
11/04/2020,1.23
10/04/2020,1.24
09/04/2020,1.24
08/04/2020,1.24
07/04/2020,1.25
06/04/2020,1.27
05/04/2020,1.25
04/04/2020,1.25
03/04/2020,1.25
02/04/2020,1.24
01/04/2020,1.23
31/03/2020,1.17
30/03/2020,1.16
29/03/2020,1.16
28/03/2020,1.16
27/03/2020,1.15
26/03/2020,1.15
25/03/2020,1.15
24/03/2020,1.15
23/03/2020,1.15
22/03/2020,1.15
21/03/2020,1.16
20/03/2020,1.16
19/03/2020,1.17
18/03/2020,1.17
17/03/2020,1.17
16/03/2020,1.18
14/03/2020,1.17
13/03/2020,1.17
12/03/2020,1.14
11/03/2020,1.14
10/03/2020,1.14
09/03/2020,1.15
07/03/2020,1.15
06/03/2020,1.15
05/03/2020,1.15
04/03/2020,1.15
03/03/2020,1.15
02/03/2020,1.15
29/02/2020,1.15
28/02/2020,1.15
27/02/2020,1.15
26/02/2020,1.15
25/02/2020,1.15
24/02/2020,1.15
22/02/2020,1.15
21/02/2020,1.15
20/02/2020,1.15
19/02/2020,1.14
18/02/2020,1.15
17/02/2020,1.15
15/02/2020,1.14
14/02/2020,1.15
13/02/2020,1.15
12/02/2020,1.15
11/02/2020,1.15
10/02/2020,1.15
08/02/2020,1.15
07/02/2020,1.16
06/02/2020,1.16
05/02/2020,1.16
04/02/2020,1.16
03/02/2020,1.16
01/02/2020,1.15
31/01/2020,1.16
30/01/2020,1.16
29/01/2020,1.16
28/01/2020,1.16
27/01/2020,1.16
25/01/2020,1.16
24/01/2020,1.16
23/01/2020,1.15
22/01/2020,1.14
21/01/2020,1.14
20/01/2020,1.14
18/01/2020,1.14
17/01/2020,1.14
16/01/2020,1.14
15/01/2020,1.15
14/01/2020,1.14
13/01/2020,1.15
11/01/2020,1.15
10/01/2020,1.15
09/01/2020,1.14
08/01/2020,1.15
07/01/2020,1.15
06/01/2020,1.15
04/01/2020,1.15
03/01/2020,1.15
02/01/2020,1.16
01/01/2020,1.16
31/12/2019,1.16
30/12/2019,1.16
28/12/2019,1.16
27/12/2019,1.16
26/12/2019,1.16
24/12/2019,1.16
23/12/2019,1.15
21/12/2019,1.16
20/12/2019,1.16
19/12/2019,1.16
18/12/2019,1.17
17/12/2019,1.17
16/12/2019,1.16
14/12/2019,1.16
13/12/2019,1.16
12/12/2019,1.16
11/12/2019,1.15
10/12/2019,1.15
09/12/2019,1.15
07/12/2019,1.15
06/12/2019,1.15
05/12/2019,1.14
04/12/2019,1.14
03/12/2019,1.14
02/12/2019,1.14
30/11/2019,1.14
29/11/2019,1.14
28/11/2019,1.14
27/11/2019,1.14
26/11/2019,1.15
25/11/2019,1.14
23/11/2019,1.14
22/11/2019,1.14
21/11/2019,1.14
20/11/2019,1.14
19/11/2019,1.14
18/11/2019,1.14
16/11/2019,1.14
15/11/2019,1.14
14/11/2019,1.14
13/11/2019,1.14
12/11/2019,1.14
11/11/2019,1.15
09/11/2019,1.15
08/11/2019,1.15
07/11/2019,1.15
06/11/2019,1.15
05/11/2019,1.15
04/11/2019,1.15
02/11/2019,1.15
01/11/2019,1.15
31/10/2019,1.15
30/10/2019,1.15
29/10/2019,1.15
28/10/2019,1.16
26/10/2019,1.16
25/10/2019,1.15
24/10/2019,1.15
23/10/2019,1.16
22/10/2019,1.17
21/10/2019,1.17
19/10/2019,1.17
18/10/2019,1.17
17/10/2019,1.17
16/10/2019,1.16
15/10/2019,1.17
14/10/2019,1.16
12/10/2019,1.17
11/10/2019,1.17
10/10/2019,1.16
09/10/2019,1.17
08/10/2019,1.17
07/10/2019,1.18
05/10/2019,1.18
04/10/2019,1.18
03/10/2019,1.18
02/10/2019,1.2
01/10/2019,1.2
30/09/2019,1.2
29/09/2019,1.2
28/09/2019,1.2
27/09/2019,1.2
26/09/2019,1.2
25/09/2019,1.2
24/09/2019,1.2
23/09/2019,1.2
21/09/2019,1.2
20/09/2019,1.2
19/09/2019,1.2
18/09/2019,1.2
17/09/2019,1.2
16/09/2019,1.2
14/09/2019,1.2
13/09/2019,1.2
12/09/2019,1.2
11/09/2019,1.2
10/09/2019,1.2
09/09/2019,1.2
07/09/2019,1.2
06/09/2019,1.2
05/09/2019,1.2
04/09/2019,1.2
03/09/2019,1.2
02/09/2019,1.2
31/08/2019,1.2
30/08/2019,1.2
29/08/2019,1.2
28/08/2019,1.2
27/08/2019,1.2
26/08/2019,1.2
24/08/2019,1.2
23/08/2019,1.2
22/08/2019,1.2
21/08/2019,1.2
20/08/2019,1.2
19/08/2019,1.2
17/08/2019,1.2
16/08/2019,1.2
15/08/2019,1.2
14/08/2019,1.21
13/08/2019,1.21
12/08/2019,1.2
10/08/2019,1.21
09/08/2019,1.2
08/08/2019,1.21
07/08/2019,1.21
06/08/2019,1.21
05/08/2019,1.21
03/08/2019,1.2
02/08/2019,1.2
01/08/2019,1.2
31/07/2019,1.21
30/07/2019,1.21
29/07/2019,1.21
27/07/2019,1.22
26/07/2019,1.22
25/07/2019,1.21
24/07/2019,1.21
23/07/2019,1.21
22/07/2019,1.22
20/07/2019,1.22
19/07/2019,1.23
18/07/2019,1.23
17/07/2019,1.25
16/07/2019,1.24
15/07/2019,1.25
13/07/2019,1.25
12/07/2019,1.25
11/07/2019,1.24
10/07/2019,1.25
09/07/2019,1.25
08/07/2019,1.25
06/07/2019,1.25
05/07/2019,1.25
04/07/2019,1.25
03/07/2019,1.25
02/07/2019,1.24
01/07/2019,1.24
30/06/2019,1.24
29/06/2019,1.24
28/06/2019,1.24
27/06/2019,1.24
26/06/2019,1.24
25/06/2019,1.24
24/06/2019,1.25
22/06/2019,1.25
21/06/2019,1.25
20/06/2019,1.24
19/06/2019,1.24
18/06/2019,1.24
17/06/2019,1.24
16/06/2019,1.24
15/06/2019,1.24
14/06/2019,1.24
13/06/2019,1.24
12/06/2019,1.24
11/06/2019,1.24
10/06/2019,1.24
09/06/2019,1.24
08/06/2019,1.24
07/06/2019,1.24
06/06/2019,1.24
05/06/2019,1.24
04/06/2019,1.24
03/06/2019,1.24
02/06/2019,1.24
01/06/2019,1.24
31/05/2019,1.24
30/05/2019,1.24
29/05/2019,1.24
28/05/2019,1.24
27/05/2019,1.24
26/05/2019,1.24
25/05/2019,1.24
24/05/2019,1.24
23/05/2019,1.24
22/05/2019,1.24
21/05/2019,1.24
20/05/2019,1.24
19/05/2019,1.24
18/05/2019,1.24
17/05/2019,1.24
16/05/2019,1.24
15/05/2019,1.24
14/05/2019,1.23
13/05/2019,1.24
12/05/2019,1.24
11/05/2019,1.24
10/05/2019,1.24
09/05/2019,1.24
08/05/2019,1.24
07/05/2019,1.24
06/05/2019,1.24
05/05/2019,1.24
04/05/2019,1.24
03/05/2019,1.24
02/05/2019,1.24
01/05/2019,1.24
30/04/2019,1.24
29/04/2019,1.25
28/04/2019,1.25
27/04/2019,1.25
26/04/2019,1.25
25/04/2019,1.25
24/04/2019,1.25
23/04/2019,1.25
22/04/2019,1.25
21/04/2019,1.24
20/04/2019,1.24
19/04/2019,1.24
18/04/2019,1.24
17/04/2019,1.24
16/04/2019,1.24
15/04/2019,1.24
14/04/2019,1.24
13/04/2019,1.24
12/04/2019,1.24
11/04/2019,1.24
10/04/2019,1.24
09/04/2019,1.24
08/04/2019,1.23
07/04/2019,1.24
06/04/2019,1.24
05/04/2019,1.24
04/04/2019,1.23
03/04/2019,1.23
02/04/2019,1.24
01/04/2019,1.24
31/03/2019,1.24
30/03/2019,1.24
29/03/2019,1.24
28/03/2019,1.24
27/03/2019,1.24
26/03/2019,1.23
25/03/2019,1.24
24/03/2019,1.24
23/03/2019,1.24
22/03/2019,1.24
21/03/2019,1.24
20/03/2019,1.24
19/03/2019,1.24
18/03/2019,1.23
16/03/2019,1.23
15/03/2019,1.23
14/03/2019,1.23
13/03/2019,1.2
12/03/2019,1.2
11/03/2019,1.2
09/03/2019,1.21
08/03/2019,1.21
07/03/2019,1.21
06/03/2019,1.21
05/03/2019,1.21
04/03/2019,1.21
02/03/2019,1.21
01/03/2019,1.21
28/02/2019,1.2
27/02/2019,1.2
26/02/2019,1.2
25/02/2019,1.19
23/02/2019,1.19
22/02/2019,1.19
21/02/2019,1.19
20/02/2019,1.19
19/02/2019,1.19
18/02/2019,1.2
16/02/2019,1.2
15/02/2019,1.2
14/02/2019,1.2
13/02/2019,1.2
12/02/2019,1.2
11/02/2019,1.2
09/02/2019,1.2
08/02/2019,1.21
07/02/2019,1.21
06/02/2019,1.21
05/02/2019,1.21
04/02/2019,1.21
02/02/2019,1.21
01/02/2019,1.2
31/01/2019,1.21
30/01/2019,1.21
29/01/2019,1.21
28/01/2019,1.21
26/01/2019,1.21
25/01/2019,1.21
24/01/2019,1.22
23/01/2019,1.22
22/01/2019,1.22
21/01/2019,1.22
19/01/2019,1.22
18/01/2019,1.21
17/01/2019,1.22
16/01/2019,1.22
15/01/2019,1.23
14/01/2019,1.21
12/01/2019,1.22
11/01/2019,1.21
10/01/2019,1.21
09/01/2019,1.21
08/01/2019,1.2
07/01/2019,1.2
05/01/2019,1.2
04/01/2019,1.2
03/01/2019,1.2
02/01/2019,1.21
01/01/2019,1.21
31/12/2018,1.21
29/12/2018,1.21
28/12/2018,1.21
27/12/2018,1.21
26/12/2018,1.21
24/12/2018,1.21
22/12/2018,1.21
21/12/2018,1.21
20/12/2018,1.21
19/12/2018,1.21
18/12/2018,1.21
17/12/2018,1.21
15/12/2018,1.21
14/12/2018,1.21
13/12/2018,1.21
12/12/2018,1.21
11/12/2018,1.21
10/12/2018,1.21
08/12/2018,1.22
07/12/2018,1.23
06/12/2018,1.23
05/12/2018,1.25
04/12/2018,1.25
03/12/2018,1.27
01/12/2018,1.28
30/11/2018,1.28
29/11/2018,1.28
28/11/2018,1.28
27/11/2018,1.28
26/11/2018,1.28
24/11/2018,1.29
23/11/2018,1.29
22/11/2018,1.29
21/11/2018,1.29
20/11/2018,1.3
19/11/2018,1.3
17/11/2018,1.3
16/11/2018,1.3
15/11/2018,1.3
14/11/2018,1.3
13/11/2018,1.3
12/11/2018,1.31
10/11/2018,1.31
09/11/2018,1.31
08/11/2018,1.31
07/11/2018,1.31
06/11/2018,1.31
05/11/2018,1.31
03/11/2018,1.3
02/11/2018,1.31
01/11/2018,1.31
31/10/2018,1.31
30/10/2018,1.3
29/10/2018,1.3
27/10/2018,1.3
26/10/2018,1.3
25/10/2018,1.3
24/10/2018,1.31
23/10/2018,1.31
22/10/2018,1.3
20/10/2018,1.29
19/10/2018,1.29
18/10/2018,1.29
17/10/2018,1.28
16/10/2018,1.28
15/10/2018,1.28
13/10/2018,1.28
12/10/2018,1.28
11/10/2018,1.28
10/10/2018,1.28
09/10/2018,1.28
08/10/2018,1.27
06/10/2018,1.27
05/10/2018,1.27
04/10/2018,1.27
03/10/2018,1.27
02/10/2018,1.27
01/10/2018,1.27
29/09/2018,1.26
28/09/2018,1.26
27/09/2018,1.26
26/09/2018,1.26
25/09/2018,1.25
24/09/2018,1.25
22/09/2018,1.25
21/09/2018,1.25
20/09/2018,1.25
19/09/2018,1.24
18/09/2018,1.24
17/09/2018,1.23
15/09/2018,1.23
14/09/2018,1.23
13/09/2018,1.23
12/09/2018,1.23
11/09/2018,1.23
10/09/2018,1.23
08/09/2018,1.23
07/09/2018,1.24
06/09/2018,1.24
05/09/2018,1.24
04/09/2018,1.24
03/09/2018,1.25
01/09/2018,1.25
31/08/2018,1.25
30/08/2018,1.25
29/08/2018,1.25
28/08/2018,1.25
27/08/2018,1.26
25/08/2018,1.25
24/08/2018,1.26
23/08/2018,1.26
22/08/2018,1.26
21/08/2018,1.26
20/08/2018,1.26
18/08/2018,1.26
17/08/2018,1.26
16/08/2018,1.25
15/08/2018,1.25
14/08/2018,1.25
13/08/2018,1.25
11/08/2018,1.25
10/08/2018,1.25
09/08/2018,1.26
08/08/2018,1.26
07/08/2018,1.26
06/08/2018,1.26
04/08/2018,1.27
03/08/2018,1.3
02/08/2018,1.36
01/08/2018,1.43
31/07/2018,1.43
30/07/2018,1.43
28/07/2018,1.42
27/07/2018,1.42
26/07/2018,1.42
25/07/2018,1.43
24/07/2018,1.43
23/07/2018,1.43
21/07/2018,1.43
20/07/2018,1.42
19/07/2018,1.43
18/07/2018,1.43
17/07/2018,1.42
16/07/2018,1.43
14/07/2018,1.43
13/07/2018,1.43
12/07/2018,1.43
11/07/2018,1.42
10/07/2018,1.4
09/07/2018,1.42
07/07/2018,1.42
06/07/2018,1.43
05/07/2018,1.42
04/07/2018,1.42
03/07/2018,1.43
02/07/2018,1.43
30/06/2018,1.43
29/06/2018,1.43
28/06/2018,1.43
27/06/2018,1.42
26/06/2018,1.41
25/06/2018,1.4
23/06/2018,1.4
22/06/2018,1.41
21/06/2018,1.4
20/06/2018,1.41
19/06/2018,1.41
18/06/2018,1.4
16/06/2018,1.41
15/06/2018,1.4
14/06/2018,1.4
13/06/2018,1.4
12/06/2018,1.4
11/06/2018,1.38
09/06/2018,1.35
08/06/2018,1.33
07/06/2018,1.33
06/06/2018,1.33
05/06/2018,1.33
04/06/2018,1.32
02/06/2018,1.31
01/06/2018,1.3
31/05/2018,1.3
30/05/2018,1.26
29/05/2018,1.26
28/05/2018,1.26
26/05/2018,1.24
25/05/2018,1.24
24/05/2018,1.23
23/05/2018,1.22
22/05/2018,1.16
21/05/2018,1.12
19/05/2018,1.12
18/05/2018,1.12
17/05/2018,1.12
16/05/2018,1.12
15/05/2018,1.12
14/05/2018,1.12
12/05/2018,1.12
11/05/2018,1.12
10/05/2018,1.12
09/05/2018,1.12
08/05/2018,1.12
07/05/2018,1.12
05/05/2018,1.12
04/05/2018,1.11
03/05/2018,1.11
02/05/2018,1.12
01/05/2018,1.11
30/04/2018,1.12
28/04/2018,1.11
27/04/2018,1.11
26/04/2018,1.11
25/04/2018,1.1
24/04/2018,1.1
23/04/2018,1.1
21/04/2018,1.09
20/04/2018,1.1
19/04/2018,1.1
18/04/2018,1.1
17/04/2018,1.1
16/04/2018,1.1
14/04/2018,1.06
13/04/2018,1.06
12/04/2018,1.06
11/04/2018,1.06
10/04/2018,1.06
09/04/2018,1.05
07/04/2018,1.04
06/04/2018,1.03
05/04/2018,1.04
04/04/2018,1.05
03/04/2018,1.06
02/04/2018,1.1
31/03/2018,1.1
29/03/2018,1.1
28/03/2018,1.1
27/03/2018,1.1
26/03/2018,1.1
24/03/2018,1.1
23/03/2018,1.09
22/03/2018,1.09
21/03/2018,1.09
20/03/2018,1.09
19/03/2018,1.1
17/03/2018,1.08
16/03/2018,1.07
15/03/2018,1.08
14/03/2018,1.08
13/03/2018,1.02
12/03/2018,1
10/03/2018,1
09/03/2018,1
08/03/2018,1
07/03/2018,1
06/03/2018,1
05/03/2018,1
03/03/2018,1
02/03/2018,1
01/03/2018,1
28/02/2018,1
27/02/2018,1
26/02/2018,1
24/02/2018,1
23/02/2018,1
22/02/2018,1
21/02/2018,1
20/02/2018,1.01
19/02/2018,1.01
17/02/2018,1.01
16/02/2018,1.01
15/02/2018,1.02
14/02/2018,1.02
13/02/2018,1.03
12/02/2018,1.05
10/02/2018,1.05
09/02/2018,1.05
08/02/2018,1.06
07/02/2018,1.07
06/02/2018,1.08
05/02/2018,1.09
03/02/2018,1.09
02/02/2018,1.08
01/02/2018,1.09
31/01/2018,1.09
30/01/2018,1.09
29/01/2018,1.09
27/01/2018,1.09
26/01/2018,1.08
25/01/2018,1.08
24/01/2018,1.08
23/01/2018,1.08
22/01/2018,1.09
20/01/2018,1.09
19/01/2018,1.09
18/01/2018,1.08
17/01/2018,1.08
16/01/2018,1.08
15/01/2018,1.08
13/01/2018,1.08
12/01/2018,1.1
11/01/2018,1.1
10/01/2018,1.11
09/01/2018,1.1
08/01/2018,1.11
06/01/2018,1.11
05/01/2018,1.11
04/01/2018,1.11
03/01/2018,1.11
02/01/2018,1.11
30/12/2017,1.11
29/12/2017,1.11
28/12/2017,1.11
27/12/2017,1.12
26/12/2017,1.12
23/12/2017,1.12
22/12/2017,1.12
21/12/2017,1.13
20/12/2017,1.13
19/12/2017,1.15
18/12/2017,1.15
16/12/2017,1.16
15/12/2017,1.16
14/12/2017,1.15
13/12/2017,1.16
12/12/2017,1.16
11/12/2017,1.16
09/12/2017,1.16
08/12/2017,1.16
07/12/2017,1.16
06/12/2017,1.17
05/12/2017,1.16
04/12/2017,1.17
02/12/2017,1.17
01/12/2017,1.17
30/11/2017,1.17
29/11/2017,1.17
28/11/2017,1.17
27/11/2017,1.17
25/11/2017,1.17
24/11/2017,1.17
23/11/2017,1.17
22/11/2017,1.17
21/11/2017,1.17
20/11/2017,1.17
18/11/2017,1.17
17/11/2017,1.17
16/11/2017,1.17
15/11/2017,1.17
14/11/2017,1.17
13/11/2017,1.17
11/11/2017,1.17
10/11/2017,1.17
09/11/2017,1.17
08/11/2017,1.17
07/11/2017,1.18
06/11/2017,1.18
04/11/2017,1.18
03/11/2017,1.19
02/11/2017,1.19
31/10/2017,1.22
30/10/2017,1.22
28/10/2017,1.23
27/10/2017,1.23
26/10/2017,1.23
25/10/2017,1.23
24/10/2017,1.23
23/10/2017,1.23
21/10/2017,1.23
20/10/2017,1.24
19/10/2017,1.23
18/10/2017,1.24
17/10/2017,1.23
16/10/2017,1.24
14/10/2017,1.24
13/10/2017,1.24
12/10/2017,1.25
11/10/2017,1.25
10/10/2017,1.25
09/10/2017,1.25
07/10/2017,1.21
06/10/2017,1.21
05/10/2017,1.2
04/10/2017,1.21
03/10/2017,1.21
02/10/2017,1.21
30/09/2017,1.2
29/09/2017,1.16
28/09/2017,1.16
27/09/2017,1.16
26/09/2017,1.16
25/09/2017,1.16
23/09/2017,1.16
22/09/2017,1.16
21/09/2017,1.16
20/09/2017,1.17
19/09/2017,1.17
18/09/2017,1.17
16/09/2017,1.17
15/09/2017,1.17
14/09/2017,1.17
13/09/2017,1.18
12/09/2017,1.18
11/09/2017,1.18
09/09/2017,1.18
08/09/2017,1.18
07/09/2017,1.19
06/09/2017,1.19
05/09/2017,1.19
04/09/2017,1.19
02/09/2017,1.19
01/09/2017,1.19
31/08/2017,1.19
30/08/2017,1.2
29/08/2017,1.2
28/08/2017,1.2
26/08/2017,1.2
25/08/2017,1.2
24/08/2017,1.2
23/08/2017,1.2
22/08/2017,1.2
21/08/2017,1.2
19/08/2017,1.2
18/08/2017,1.2
17/08/2017,1.2
16/08/2017,1.2
15/08/2017,1.2
14/08/2017,1.2
12/08/2017,1.2
11/08/2017,1.2
10/08/2017,1.2
09/08/2017,1.2
08/08/2017,1.2
07/08/2017,1.2
05/08/2017,1.2
04/08/2017,1.2
03/08/2017,1.2
02/08/2017,1.2
01/08/2017,1.2
31/07/2017,1.19
29/07/2017,1.19
28/07/2017,1.19
27/07/2017,1.19
26/07/2017,1.19
25/07/2017,1.18
24/07/2017,1.15
22/07/2017,1.14
21/07/2017,1.15
20/07/2017,1.15
19/07/2017,1.16
18/07/2017,1.17
17/07/2017,1.22
15/07/2017,1.23
14/07/2017,1.23
13/07/2017,1.26
12/07/2017,1.25
04/07/2017,1.25
03/07/2017,1.27
01/07/2017,1.27
30/06/2017,1.23
29/06/2017,1.26
28/06/2017,1.26
27/06/2017,1.27
26/06/2017,1.27
24/06/2017,1.26
23/06/2017,1.27
22/06/2017,1.27
21/06/2017,1.27
20/06/2017,1.27
19/06/2017,1.27
17/06/2017,1.27
16/06/2017,1.27
15/06/2017,1.27
14/06/2017,1.27
13/06/2017,1.27
12/06/2017,1.26
10/06/2017,1.25
09/06/2017,1.25
08/06/2017,1.25
07/06/2017,1.25
06/06/2017,1.25
05/06/2017,1.25
03/06/2017,1.25
02/06/2017,1.25
01/06/2017,1.25
31/05/2017,1.25
30/05/2017,1.25
29/05/2017,1.25
27/05/2017,1.25
26/05/2017,1.25
25/05/2017,1.25
24/05/2017,1.24
23/05/2017,1.25
22/05/2017,1.25
20/05/2017,1.25
19/05/2017,1.25
18/05/2017,1.25
17/05/2017,1.25
16/05/2017,1.25
15/05/2017,1.25
13/05/2017,1.25
12/05/2017,1.25
11/05/2017,1.25
10/05/2017,1.24
09/05/2017,1.24
08/05/2017,1.24
06/05/2017,1.24
05/05/2017,1.24
04/05/2017,1.24
03/05/2017,1.24
02/05/2017,1.25
01/05/2017,1.25
29/04/2017,1.25
28/04/2017,1.25
27/04/2017,1.25
26/04/2017,1.25
25/04/2017,1.25
24/04/2017,1.25
22/04/2017,1.26
21/04/2017,1.26
20/04/2017,1.26
19/04/2017,1.26
18/04/2017,1.27
17/04/2017,1.27
15/04/2017,1.27
13/04/2017,1.26
12/04/2017,1.27
11/04/2017,1.27
10/04/2017,1.27
08/04/2017,1.27
07/04/2017,1.27
06/04/2017,1.27
05/04/2017,1.27
04/04/2017,1.27
03/04/2017,1.26
02/04/2017,1.26
01/04/2017,1.24
31/03/2017,1.25
30/03/2017,1.25
29/03/2017,1.26
28/03/2017,1.26
27/03/2017,1.26
26/03/2017,1.26
25/03/2017,1.26
24/03/2017,1.25
23/03/2017,1.25
22/03/2017,1.25
21/03/2017,1.25
20/03/2017,1.26
18/03/2017,1.25
17/03/2017,1.25
16/03/2017,1.25
15/03/2017,1.25
14/03/2017,1.25
13/03/2017,1.25
11/03/2017,1.22
10/03/2017,1.22
09/03/2017,1.21
08/03/2017,1.22
07/03/2017,1.21
06/03/2017,1.21
04/03/2017,1.21
03/03/2017,1.2
02/03/2017,1.2
01/03/2017,1.2
28/02/2017,1.2
27/02/2017,1.2
25/02/2017,1.2
24/02/2017,1.2
23/02/2017,1.19
22/02/2017,1.2
21/02/2017,1.2
20/02/2017,1.19
18/02/2017,1.2
17/02/2017,1.2
16/02/2017,1.21
15/02/2017,1.23
14/02/2017,1.26
13/02/2017,1.29
11/02/2017,1.29
10/02/2017,1.29
09/02/2017,1.29
08/02/2017,1.29
07/02/2017,1.29
06/02/2017,1.29
04/02/2017,1.31
03/02/2017,1.31
02/02/2017,1.31
01/02/2017,1.31
31/01/2017,1.31
30/01/2017,1.31
28/01/2017,1.38
27/01/2017,1.39
26/01/2017,1.38
25/01/2017,1.38
24/01/2017,1.38
23/01/2017,1.38
21/01/2017,1.38
20/01/2017,1.38
19/01/2017,1.38
18/01/2017,1.38
17/01/2017,1.38
16/01/2017,1.37
14/01/2017,1.37
13/01/2017,1.37
12/01/2017,1.37
11/01/2017,1.37
10/01/2017,1.37
09/01/2017,1.37
07/01/2017,1.36
06/01/2017,1.33
05/01/2017,1.33
04/01/2017,1.33
03/01/2017,1.33
02/01/2017,1.33
31/12/2016,1.33
30/12/2016,1.32
29/12/2016,1.33
28/12/2016,1.32
27/12/2016,1.32
26/12/2016,1.32
24/12/2016,1.33
23/12/2016,1.34
22/12/2016,1.34
21/12/2016,1.34
20/12/2016,1.35
19/12/2016,1.35
17/12/2016,1.35
16/12/2016,1.35
15/12/2016,1.35
14/12/2016,1.36
13/12/2016,1.37
12/12/2016,1.38
10/12/2016,1.38
09/12/2016,1.38
08/12/2016,1.37
07/12/2016,1.38
06/12/2016,1.38
05/12/2016,1.38
03/12/2016,1.38
02/12/2016,1.38
01/12/2016,1.38
30/11/2016,1.39
29/11/2016,1.39
28/11/2016,1.39
26/11/2016,1.39
25/11/2016,1.39
24/11/2016,1.39
23/11/2016,1.39
22/11/2016,1.4
21/11/2016,1.4
19/11/2016,1.42
18/11/2016,1.42
17/11/2016,1.41
16/11/2016,1.39
15/11/2016,1.39
14/11/2016,1.39
12/11/2016,1.42
11/11/2016,1.43
10/11/2016,1.43
09/11/2016,1.43
08/11/2016,1.44
07/11/2016,1.43
05/11/2016,1.43
04/11/2016,1.44
03/11/2016,1.43
02/11/2016,1.43
01/11/2016,1.43
31/10/2016,1.43
29/10/2016,1.43
28/10/2016,1.43
27/10/2016,1.43
26/10/2016,1.43
25/10/2016,1.43
24/10/2016,1.42
22/10/2016,1.42
21/10/2016,1.42
20/10/2016,1.43
19/10/2016,1.43
18/10/2016,1.43
17/10/2016,1.43
15/10/2016,1.42
14/10/2016,1.43
13/10/2016,1.43
12/10/2016,1.43
11/10/2016,1.42
10/10/2016,1.43
08/10/2016,1.42
07/10/2016,1.42
06/10/2016,1.42
05/10/2016,1.42
04/10/2016,1.43
03/10/2016,1.42
01/10/2016,1.44
30/09/2016,1.44
29/09/2016,1.44
28/09/2016,1.44
27/09/2016,1.45
26/09/2016,1.46
24/09/2016,1.45
23/09/2016,1.45
22/09/2016,1.45
21/09/2016,1.45
20/09/2016,1.45
19/09/2016,1.42
17/09/2016,1.42
16/09/2016,1.41
15/09/2016,1.41
14/09/2016,1.41
13/09/2016,1.41
12/09/2016,1.43
10/09/2016,1.41
09/09/2016,1.41
08/09/2016,1.41
07/09/2016,1.41
06/09/2016,1.41
05/09/2016,1.41
03/09/2016,1.38
02/09/2016,1.38
01/09/2016,1.38
31/08/2016,1.36
30/08/2016,1.37
29/08/2016,1.38
27/08/2016,1.38
26/08/2016,1.38
25/08/2016,1.39
24/08/2016,1.38
23/08/2016,1.38
22/08/2016,1.38
20/08/2016,1.38
19/08/2016,1.38
18/08/2016,1.39
17/08/2016,1.38
16/08/2016,1.39
15/08/2016,1.39
13/08/2016,1.43
12/08/2016,1.43
11/08/2016,1.43
10/08/2016,1.43
09/08/2016,1.44
08/08/2016,1.43
06/08/2016,1.43
05/08/2016,1.43
04/08/2016,1.44
03/08/2016,1.44
02/08/2016,1.43
01/08/2016,1.44
30/07/2016,1.44
29/07/2016,1.44
28/07/2016,1.45
27/07/2016,1.45
26/07/2016,1.44
25/07/2016,1.45
23/07/2016,1.44
22/07/2016,1.44
21/07/2016,1.44
20/07/2016,1.44
19/07/2016,1.44
18/07/2016,1.44
16/07/2016,1.44
15/07/2016,1.44
14/07/2016,1.44
13/07/2016,1.45
12/07/2016,1.44
11/07/2016,1.45
09/07/2016,1.45
08/07/2016,1.44
07/07/2016,1.44
06/07/2016,1.45
05/07/2016,1.45
04/07/2016,1.44
02/07/2016,1.45
01/07/2016,1.45
30/06/2016,1.44
29/06/2016,1.44
28/06/2016,1.44
27/06/2016,1.44
25/06/2016,1.44
24/06/2016,1.44
23/06/2016,1.44
22/06/2016,1.44
21/06/2016,1.44
20/06/2016,1.44
18/06/2016,1.43
17/06/2016,1.43
16/06/2016,1.43
15/06/2016,1.44
14/06/2016,1.43
13/06/2016,1.43
11/06/2016,1.44
10/06/2016,1.43
09/06/2016,1.44
08/06/2016,1.44
07/06/2016,1.44
06/06/2016,1.45
04/06/2016,1.44
03/06/2016,1.44
02/06/2016,1.44
01/06/2016,1.44
31/05/2016,1.44
30/05/2016,1.44
28/05/2016,1.45
27/05/2016,1.44
26/05/2016,1.44
25/05/2016,1.44
24/05/2016,1.44
23/05/2016,1.44
21/05/2016,1.45
20/05/2016,1.45
19/05/2016,1.44
18/05/2016,1.45
17/05/2016,1.44
16/05/2016,1.45
14/05/2016,1.44
13/05/2016,1.44
12/05/2016,1.44
11/05/2016,1.44
10/05/2016,1.44
09/05/2016,1.44
07/05/2016,1.44
06/05/2016,1.43
05/05/2016,1.44
04/05/2016,1.43
03/05/2016,1.43
02/05/2016,1.43
30/04/2016,1.4
29/04/2016,1.4
28/04/2016,1.4
27/04/2016,1.39
26/04/2016,1.39
25/04/2016,1.38
23/04/2016,1.38
22/04/2016,1.35
21/04/2016,1.35
20/04/2016,1.35
19/04/2016,1.34
18/04/2016,1.32
16/04/2016,1.26
15/04/2016,1.25
14/04/2016,1.25
13/04/2016,1.25
12/04/2016,1.25
11/04/2016,1.25
09/04/2016,1.22
08/04/2016,1.22
07/04/2016,1.22
06/04/2016,1.22
05/04/2016,1.22
04/04/2016,1.22
02/04/2016,1.22
01/04/2016,1.22
31/03/2016,1.22
30/03/2016,1.22
29/03/2016,1.22
28/03/2016,1.22
26/03/2016,1.22
24/03/2016,1.23
23/03/2016,1.22
22/03/2016,1.22
21/03/2016,1.22
19/03/2016,1.22
18/03/2016,1.22
17/03/2016,1.23
16/03/2016,1.22
15/03/2016,1.22
14/03/2016,1.22
12/03/2016,1.23
11/03/2016,1.22
10/03/2016,1.22
09/03/2016,1.2
08/03/2016,1.2
07/03/2016,1.19
05/03/2016,1.19
04/03/2016,1.19
03/03/2016,1.18
02/03/2016,1.18
01/03/2016,1.17
29/02/2016,1.17
27/02/2016,1.16
26/02/2016,1.16
25/02/2016,1.16
24/02/2016,1.16
23/02/2016,1.16
22/02/2016,1.16
20/02/2016,1.16
19/02/2016,1.16
18/02/2016,1.16
17/02/2016,1.16
16/02/2016,1.16
15/02/2016,1.17
13/02/2016,1.17
12/02/2016,1.17
11/02/2016,1.17
10/02/2016,1.17
09/02/2016,1.17
08/02/2016,1.17
06/02/2016,1.17
05/02/2016,1.17
04/02/2016,1.17
03/02/2016,1.18
02/02/2016,1.18
01/02/2016,1.19
30/01/2016,1.19
29/01/2016,1.19
28/01/2016,1.19
27/01/2016,1.19
26/01/2016,1.19
25/01/2016,1.19
23/01/2016,1.19
22/01/2016,1.18
21/01/2016,1.18
20/01/2016,1.18
19/01/2016,1.18
18/01/2016,1.17
16/01/2016,1.17
15/01/2016,1.17
14/01/2016,1.17
13/01/2016,1.17
12/01/2016,1.17
11/01/2016,1.17
09/01/2016,1.15
08/01/2016,1.15
07/01/2016,1.15
06/01/2016,1.14
05/01/2016,1.15
04/01/2016,1.13
02/01/2016,1.13
31/12/2015,1.13
30/12/2015,1.13
29/12/2015,1.13
28/12/2015,1.13
26/12/2015,1.14
24/12/2015,1.13
23/12/2015,1.13
22/12/2015,1.13
21/12/2015,1.13
19/12/2015,1.14
18/12/2015,1.13
17/12/2015,1.13
16/12/2015,1.13
15/12/2015,1.13
14/12/2015,1.13
12/12/2015,1.13
11/12/2015,1.12
10/12/2015,1.13
09/12/2015,1.13
08/12/2015,1.13
07/12/2015,1.13
05/12/2015,1.13
04/12/2015,1.14
03/12/2015,1.14
02/12/2015,1.14
01/12/2015,1.14
30/11/2015,1.13
28/11/2015,1.14
27/11/2015,1.13
26/11/2015,1.13
25/11/2015,1.14
24/11/2015,1.13
23/11/2015,1.13
21/11/2015,1.14
20/11/2015,1.13
19/11/2015,1.13
18/11/2015,1.13
17/11/2015,1.13
16/11/2015,1.13
14/11/2015,1.13
13/11/2015,1.13
12/11/2015,1.13
11/11/2015,1.13
10/11/2015,1.14
09/11/2015,1.13
07/11/2015,1.13
06/11/2015,1.14
05/11/2015,1.13
04/11/2015,1.14
03/11/2015,1.14
02/11/2015,1.14
31/10/2015,1.14
30/10/2015,1.14
29/10/2015,1.14
28/10/2015,1.14
27/10/2015,1.14
26/10/2015,1.14
24/10/2015,1.15
23/10/2015,1.15
22/10/2015,1.15
21/10/2015,1.15
20/10/2015,1.15
19/10/2015,1.15
17/10/2015,1.15
16/10/2015,1.15
15/10/2015,1.15
14/10/2015,1.15
13/10/2015,1.15
12/10/2015,1.15
10/10/2015,1.16
09/10/2015,1.16
08/10/2015,1.16
07/10/2015,1.16
06/10/2015,1.17
05/10/2015,1.19
03/10/2015,1.19
02/10/2015,1.19
01/10/2015,1.19
30/09/2015,1.19
29/09/2015,1.19
28/09/2015,1.19
26/09/2015,70.95
25/09/2015,1.18
24/09/2015,1.18
23/09/2015,1.18
22/09/2015,1.19
21/09/2015,1.19
19/09/2015,1.19
18/09/2015,1.19
17/09/2015,1.19
16/09/2015,1.18
15/09/2015,1.19
14/09/2015,1.19
12/09/2015,1.18
11/09/2015,1.19
10/09/2015,1.18
09/09/2015,1.18
08/09/2015,1.19
07/09/2015,1.19
06/09/2015,1.19
05/09/2015,1.19
04/09/2015,1.18
03/09/2015,1.19
02/09/2015,1.19
01/09/2015,1.18
31/08/2015,1.18
29/08/2015,1.19
28/08/2015,1.18
27/08/2015,1.19
26/08/2015,1.18
25/08/2015,1.18
24/08/2015,1.18
23/08/2015,1.18
22/08/2015,1.18
21/08/2015,1.17
20/08/2015,1.18
19/08/2015,1.17
18/08/2015,1.17
17/08/2015,1.17
15/08/2015,1.17
14/08/2015,1.17
13/08/2015,1.17
12/08/2015,1.17
11/08/2015,1.17
10/08/2015,1.18
09/08/2015,1.18
08/08/2015,1.18
07/08/2015,1.18
06/08/2015,1.18
05/08/2015,1.18
04/08/2015,1.19
03/08/2015,1.19
01/08/2015,1.2
31/07/2015,1.2
30/07/2015,1.2
27/07/2015,1.2
25/07/2015,1.2
24/07/2015,1.2
23/07/2015,1.2
22/07/2015,1.2
21/07/2015,1.2
20/07/2015,1.2
18/07/2015,1.2
17/07/2015,1.2
16/07/2015,1.2
15/07/2015,1.2
14/07/2015,1.2
13/07/2015,1.2
11/07/2015,1.2
10/07/2015,1.2
09/07/2015,1.2
08/07/2015,1.21
07/07/2015,1.21
06/07/2015,1.22
05/07/2015,1.22
04/07/2015,1.22
03/07/2015,1.22
02/07/2015,1.22
01/07/2015,1.22
30/06/2015,1.22
27/06/2015,1.22
26/06/2015,1.22
25/06/2015,1.21
24/06/2015,1.21
23/06/2015,1.21
22/06/2015,1.21
21/06/2015,1.21
20/06/2015,1.21
19/06/2015,1.21
18/06/2015,1.2
17/06/2015,1.2
16/06/2015,1.21
15/06/2015,1.21
14/06/2015,1.2
13/06/2015,1.2
12/06/2015,1.21
11/06/2015,1.21
10/06/2015,1.21
09/06/2015,1.21
08/06/2015,1.21
07/06/2015,1.21
06/06/2015,1.21
05/06/2015,1.21
04/06/2015,1.2
03/06/2015,1.2
02/06/2015,1.2
01/06/2015,1.21
30/05/2015,1.21
29/05/2015,1.21
28/05/2015,1.22
27/05/2015,1.22
26/05/2015,1.21
25/05/2015,1.21
23/05/2015,1.21
22/05/2015,1.21
21/05/2015,1.21
20/05/2015,1.21
19/05/2015,1.21
18/05/2015,1.22
17/05/2015,1.22
16/05/2015,1.22
15/05/2015,1.21
14/05/2015,1.21
13/05/2015,1.22
12/05/2015,1.22
11/05/2015,1.22
10/05/2015,1.22
09/05/2015,1.22
08/05/2015,1.22
07/05/2015,1.21
06/05/2015,1.22
05/05/2015,1.22
04/05/2015,1.22
03/05/2015,1.23
02/05/2015,1.23
01/05/2015,1.22
30/04/2015,1.22
29/04/2015,1.22
28/04/2015,1.23
27/04/2015,1.24
26/04/2015,1.24
25/04/2015,1.24
24/04/2015,1.23
23/04/2015,1.23
22/04/2015,1.23
21/04/2015,1.23
20/04/2015,1.23
19/04/2015,1.23
18/04/2015,1.23
17/04/2015,1.23
16/04/2015,1.23
15/04/2015,1.23
14/04/2015,1.23
13/04/2015,1.23
12/04/2015,1.22
11/04/2015,1.22
10/04/2015,1.22
09/04/2015,1.22
08/04/2015,1.22
07/04/2015,1.22
06/04/2015,1.23
05/04/2015,1.23
04/04/2015,1.23
03/04/2015,1.23
02/04/2015,1.23
01/04/2015,1.22
31/03/2015,1.22
30/03/2015,1.21
29/03/2015,1.19
28/03/2015,1.19
27/03/2015,1.15
26/03/2015,1.15
25/03/2015,1.15
24/03/2015,1.15
23/03/2015,1.15
22/03/2015,1.15
21/03/2015,1.15
20/03/2015,1.15
19/03/2015,1.15
18/03/2015,1.15
17/03/2015,1.15
16/03/2015,1.15
15/03/2015,1.15
14/03/2015,1.15
13/03/2015,1.15
12/03/2015,1.15
11/03/2015,1.15
10/03/2015,1.15
09/03/2015,1.15
08/03/2015,1.15
07/03/2015,1.15
06/03/2015,1.16
05/03/2015,1.16
04/03/2015,1.16
03/03/2015,1.16
02/03/2015,1.17
01/03/2015,1.17
28/02/2015,1.17
27/02/2015,1.17
26/02/2015,1.17
25/02/2015,1.17
24/02/2015,1.17
23/02/2015,1.17
22/02/2015,1.16
21/02/2015,1.16
20/02/2015,1.16
19/02/2015,1.16
18/02/2015,1.16
17/02/2015,1.15
16/02/2015,1.15
14/02/2015,1.15
13/02/2015,1.15
12/02/2015,1.16
11/02/2015,1.16
10/02/2015,1.16
09/02/2015,1.16
08/02/2015,1.15
07/02/2015,1.15
06/02/2015,1.15
05/02/2015,1.15
04/02/2015,1.15
03/02/2015,1.15
02/02/2015,1.16
01/02/2015,1.18
31/01/2015,1.18
30/01/2015,1.19
29/01/2015,1.2
28/01/2015,1.2
27/01/2015,1.2
26/01/2015,1.23
25/01/2015,1.23
24/01/2015,1.23
23/01/2015,1.24
22/01/2015,1.24
21/01/2015,1.24
20/01/2015,1.24
19/01/2015,1.24
18/01/2015,1.25
17/01/2015,1.25
16/01/2015,1.25
15/01/2015,1.25
14/01/2015,1.25
13/01/2015,1.25
12/01/2015,1.25
11/01/2015,1.25
10/01/2015,1.25
09/01/2015,1.25
08/01/2015,1.25
07/01/2015,1.25
06/01/2015,1.25
05/01/2015,1.25
04/01/2015,1.25
03/01/2015,1.25
02/01/2015,1.25
01/01/2015,1.25
31/12/2014,1.25
30/12/2014,1.25
29/12/2014,1.25
28/12/2014,1.25
27/12/2014,1.25
26/12/2014,1.25
25/12/2014,1.26
24/12/2014,1.26
23/12/2014,1.26
22/12/2014,1.26
21/12/2014,1.26
20/12/2014,1.26
19/12/2014,1.26
18/12/2014,1.26
17/12/2014,1.26
16/12/2014,1.27
15/12/2014,1.27
14/12/2014,1.27
13/12/2014,1.27
12/12/2014,1.27
11/12/2014,1.27
10/12/2014,1.27
09/12/2014,1.27
08/12/2014,1.27
07/12/2014,1.27
06/12/2014,1.27
05/12/2014,1.27
04/12/2014,1.28
03/12/2014,1.28
02/12/2014,1.28
01/12/2014,1.29
30/11/2014,1.29
29/11/2014,1.29
28/11/2014,1.29
27/11/2014,1.29
26/11/2014,1.29
25/11/2014,1.29
24/11/2014,1.29
23/11/2014,1.3
22/11/2014,1.3
21/11/2014,1.3
20/11/2014,1.3
19/11/2014,1.3
18/11/2014,1.3
17/11/2014,1.3
16/11/2014,1.3
15/11/2014,1.29
14/11/2014,1.3
13/11/2014,1.3
12/11/2014,1.3
11/11/2014,1.3
10/11/2014,1.3
09/11/2014,1.31
08/11/2014,1.31
07/11/2014,1.31
06/11/2014,1.3
05/11/2014,1.3
04/11/2014,1.3
03/11/2014,1.3
02/11/2014,1.3
01/11/2014,1.31
31/10/2014,1.31
30/10/2014,1.31
29/10/2014,1.3
28/10/2014,1.3
27/10/2014,1.3
26/10/2014,1.31
25/10/2014,1.3
24/10/2014,1.31
23/10/2014,1.3
22/10/2014,1.3
21/10/2014,1.3
20/10/2014,1.31
19/10/2014,1.3
18/10/2014,1.31
17/10/2014,1.3
16/10/2014,1.3
15/10/2014,1.3
14/10/2014,1.3
13/10/2014,1.3
12/10/2014,1.28
11/10/2014,1.28
10/10/2014,1.28
09/10/2014,1.28
08/10/2014,1.28
07/10/2014,1.27
06/10/2014,1.27
05/10/2014,1.25
04/10/2014,1.25
03/10/2014,1.25
02/10/2014,1.25
01/10/2014,1.25
30/09/2014,1.24
29/09/2014,1.23
28/09/2014,1.21
27/09/2014,1.21
26/09/2014,1.22
25/09/2014,1.21
24/09/2014,1.22
23/09/2014,1.22
22/09/2014,1.22
21/09/2014,1.22
20/09/2014,1.22
19/09/2014,1.22
18/09/2014,1.22
17/09/2014,1.22
16/09/2014,1.22
15/09/2014,1.22
14/09/2014,1.21
13/09/2014,1.22
12/09/2014,1.22
11/09/2014,1.23
10/09/2014,1.23
09/09/2014,1.23
08/09/2014,1.23
07/09/2014,1.23
06/09/2014,1.23
05/09/2014,1.23
04/09/2014,1.24
03/09/2014,1.25
02/09/2014,1.27
01/09/2014,1.27
31/08/2014,1.27
30/08/2014,1.27
29/08/2014,1.27
28/08/2014,1.27
27/08/2014,1.27
26/08/2014,1.27
25/08/2014,1.27
24/08/2014,1.27
23/08/2014,1.27
22/08/2014,1.27
21/08/2014,1.27
20/08/2014,1.27
19/08/2014,1.27
18/08/2014,1.27
17/08/2014,1.27
16/08/2014,1.27
15/08/2014,1.27
14/08/2014,1.27
13/08/2014,1.27
12/08/2014,1.27
11/08/2014,1.27
10/08/2014,1.27
09/08/2014,1.27
08/08/2014,1.27
07/08/2014,1.27
06/08/2014,1.27
05/08/2014,1.27
04/08/2014,1.27
03/08/2014,1.27
02/08/2014,1.27
01/08/2014,1.27
31/07/2014,1.27
30/07/2014,1.27
29/07/2014,1.26
28/07/2014,1.27
27/07/2014,1.27
26/07/2014,1.27
25/07/2014,1.27
24/07/2014,1.26
23/07/2014,1.26
22/07/2014,1.27
21/07/2014,1.26
20/07/2014,1.26
19/07/2014,1.26
18/07/2014,1.26
17/07/2014,1.27
16/07/2014,1.27
15/07/2014,1.27
14/07/2014,1.26
13/07/2014,1.26
12/07/2014,1.26
11/07/2014,1.27
10/07/2014,1.26
09/07/2014,1.26
08/07/2014,1.26
07/07/2014,1.26
06/07/2014,1.26
05/07/2014,1.26
04/07/2014,1.26
03/07/2014,1.26
02/07/2014,1.26
01/07/2014,1.26
30/06/2014,1.26
29/06/2014,1.26
28/06/2014,1.26
27/06/2014,1.26
26/06/2014,1.26
25/06/2014,1.26
24/06/2014,1.26
23/06/2014,1.26
22/06/2014,1.26
21/06/2014,1.26
20/06/2014,1.26
19/06/2014,1.26
18/06/2014,1.26
17/06/2014,1.26
16/06/2014,1.26
15/06/2014,1.26
14/06/2014,1.26
13/06/2014,1.26
12/06/2014,1.26
11/06/2014,1.25
10/06/2014,1.25
09/06/2014,1.26
08/06/2014,1.26
07/06/2014,1.26
06/06/2014,1.26
05/06/2014,1.26
04/06/2014,1.26
03/06/2014,1.25
02/06/2014,1.25
01/06/2014,1.25
31/05/2014,1.25
30/05/2014,1.25
29/05/2014,1.25
28/05/2014,1.25
27/05/2014,1.25
26/05/2014,1.24
25/05/2014,1.24
24/05/2014,1.24
23/05/2014,1.24
22/05/2014,1.23
21/05/2014,1.22
20/05/2014,1.22
19/05/2014,1.22
18/05/2014,1.18
17/05/2014,1.18
16/05/2014,1.18
15/05/2014,1.18
14/05/2014,1.18
13/05/2014,1.19
12/05/2014,1.19
11/05/2014,1.13
10/05/2014,1.13
09/05/2014,1.14
08/05/2014,1.13
07/05/2014,1.14
06/05/2014,1.13
05/05/2014,1.13
04/05/2014,1.13
03/05/2014,1.13
02/05/2014,1.13
30/04/2014,1.13
29/04/2014,1.13
28/04/2014,1.13
27/04/2014,1.13
26/04/2014,1.13
25/04/2014,1.13
24/04/2014,1.12
23/04/2014,1.12
22/04/2014,1.12
21/04/2014,1.1
20/04/2014,1.1
19/04/2014,1.1
18/04/2014,1.1
17/04/2014,1.1
16/04/2014,1.11
15/04/2014,1.1
14/04/2014,1.1
13/04/2014,1.1
12/04/2014,1.1
11/04/2014,1.1
10/04/2014,1.1
09/04/2014,1.1
08/04/2014,1.11
07/04/2014,1.11
06/04/2014,1.11
05/04/2014,1.11
04/04/2014,1.11
03/04/2014,1.11
02/04/2014,1.11
01/04/2014,1.12
31/03/2014,1.12
30/03/2014,1.11
29/03/2014,1.11
28/03/2014,1.11
27/03/2014,1.11
26/03/2014,1.11
25/03/2014,1.11
24/03/2014,1.1
23/03/2014,1.07
22/03/2014,1.07
21/03/2014,1.07
20/03/2014,1.07
19/03/2014,1.07
18/03/2014,1.07
17/03/2014,1.06
16/03/2014,1.04
15/03/2014,1.04
14/03/2014,1.03
13/03/2014,1.03
12/03/2014,1.03
11/03/2014,1.03
10/03/2014,1.04
08/03/2014,1.03
07/03/2014,1.02
06/03/2014,1.02
05/03/2014,1.01
04/03/2014,1
03/03/2014,1
02/03/2014,1.01
01/03/2014,1.01
28/02/2014,1.01
27/02/2014,1
26/02/2014,1.03
25/02/2014,1.02
24/02/2014,1.03
23/02/2014,1
22/02/2014,1
21/02/2014,1
20/02/2014,1
19/02/2014,1
18/02/2014,1.01
17/02/2014,1.01
16/02/2014,1.01
15/02/2014,1.01
14/02/2014,1.01
13/02/2014,1.01
12/02/2014,1.01
11/02/2014,1.01
10/02/2014,1.01
09/02/2014,1.01
08/02/2014,1.01
07/02/2014,1.01
06/02/2014,1.01
05/02/2014,1.01
04/02/2014,1.01
03/02/2014,1.01
02/02/2014,1.01
01/02/2014,1.01
31/01/2014,1.01
30/01/2014,1.02
29/01/2014,1.01
28/01/2014,1.01
27/01/2014,1.01
26/01/2014,1.01
25/01/2014,1.02
24/01/2014,1.01
23/01/2014,1.02
22/01/2014,1.01
21/01/2014,1.02
20/01/2014,1.01
19/01/2014,1.01
18/01/2014,1.01
17/01/2014,1.01
16/01/2014,1.01
15/01/2014,1.01
14/01/2014,1.01
13/01/2014,1.02
12/01/2014,1.01
11/01/2014,1.01
10/01/2014,1.01
09/01/2014,1.01
08/01/2014,1.01
07/01/2014,1.01
06/01/2014,1.01
05/01/2014,1.01
04/01/2014,1.01
03/01/2014,1.02
02/01/2014,1.02
31/12/2013,1.01
30/12/2013,1.01
29/12/2013,1.02
28/12/2013,1.02
27/12/2013,1.02
26/12/2013,1.01
24/12/2013,1.02
23/12/2013,1.01
22/12/2013,1.01
21/12/2013,1.02
20/12/2013,1.02
19/12/2013,1.02
18/12/2013,1.02
17/12/2013,1.01
16/12/2013,1.02
15/12/2013,1.02
14/12/2013,1.02
13/12/2013,1.02
12/12/2013,1.02
11/12/2013,1.02
10/12/2013,1.02
09/12/2013,1.03
08/12/2013,1.03
07/12/2013,1.03
06/12/2013,1.03
05/12/2013,1.04
04/12/2013,1.06
03/12/2013,1.07
02/12/2013,1.1
01/12/2013,1.1
30/11/2013,1.1
29/11/2013,1.1
28/11/2013,1.1
27/11/2013,1.1
26/11/2013,1.1
25/11/2013,1.1
24/11/2013,1.1
23/11/2013,1.1
22/11/2013,1.1
21/11/2013,1.1
20/11/2013,1.1
19/11/2013,1.1
18/11/2013,1.11
17/11/2013,1.13
16/11/2013,1.13
15/11/2013,1.13
14/11/2013,1.13
13/11/2013,1.13
12/11/2013,1.13
11/11/2013,1.13
10/11/2013,1.14
09/11/2013,1.14
08/11/2013,1.14
07/11/2013,1.14
06/11/2013,1.14
05/11/2013,1.14
04/11/2013,1.14
03/11/2013,1.14
02/11/2013,1.14
01/11/2013,1.14
31/10/2013,1.14
30/10/2013,1.13
29/10/2013,1.13
28/10/2013,1.14
27/10/2013,1.14
26/10/2013,1.14
25/10/2013,1.14
24/10/2013,1.14
23/10/2013,1.14
22/10/2013,1.15
21/10/2013,1.15
20/10/2013,1.15
19/10/2013,1.15
18/10/2013,1.15
17/10/2013,1.15
16/10/2013,1.15
15/10/2013,1.15
14/10/2013,1.15
13/10/2013,1.15
12/10/2013,1.15
11/10/2013,1.15
10/10/2013,1.15
09/10/2013,1.15
08/10/2013,1.15
07/10/2013,1.16
06/10/2013,1.16
05/10/2013,1.16
04/10/2013,1.17
03/10/2013,1.17
02/10/2013,1.17
01/10/2013,1.19
30/09/2013,1.19
29/09/2013,1.2
28/09/2013,1.2
27/09/2013,1.2
26/09/2013,1.2
25/09/2013,1.2
24/09/2013,1.2
23/09/2013,1.21
22/09/2013,1.21
21/09/2013,1.21
20/09/2013,1.21
19/09/2013,1.21
18/09/2013,1.21
17/09/2013,1.21
16/09/2013,1.22
15/09/2013,1.22
14/09/2013,1.22
13/09/2013,1.22
12/09/2013,1.22
11/09/2013,1.23
10/09/2013,1.23
09/09/2013,1.23
08/09/2013,1.25
07/09/2013,1.25
06/09/2013,1.25
05/09/2013,1.24
04/09/2013,1.25
03/09/2013,1.24
02/09/2013,1.24
01/09/2013,1.23
31/08/2013,1.23
30/08/2013,1.23
29/08/2013,1.24
28/08/2013,1.25
27/08/2013,1.25
26/08/2013,1.25
25/08/2013,1.26
24/08/2013,1.25
23/08/2013,1.25
22/08/2013,1.25
21/08/2013,1.25
20/08/2013,1.25
19/08/2013,1.25
18/08/2013,1.25
17/08/2013,1.25
16/08/2013,1.26
15/08/2013,1.25
14/08/2013,1.26
13/08/2013,1.26
12/08/2013,1.26
11/08/2013,1.25
10/08/2013,1.25
09/08/2013,1.26
08/08/2013,1.25
07/08/2013,1.26
06/08/2013,1.26
05/08/2013,1.26
04/08/2013,1.26
03/08/2013,1.26
02/08/2013,1.26
01/08/2013,1.25
31/07/2013,1.25
30/07/2013,1.25
29/07/2013,1.25
28/07/2013,1.25
27/07/2013,1.25
26/07/2013,1.25
25/07/2013,1.25
24/07/2013,1.25
23/07/2013,1.25
22/07/2013,1.25
21/07/2013,1.25
20/07/2013,1.25
19/07/2013,1.25
18/07/2013,1.25
17/07/2013,1.25
16/07/2013,1.25
15/07/2013,1.25
14/07/2013,1.24
13/07/2013,1.25
12/07/2013,1.24
11/07/2013,1.24
10/07/2013,1.23
09/07/2013,1.2
08/07/2013,1.2
07/07/2013,1.2
06/07/2013,1.2
05/07/2013,1.2
04/07/2013,1.2
03/07/2013,1.2
02/07/2013,1.2
01/07/2013,1.2
30/06/2013,1.2
29/06/2013,1.2
28/06/2013,1.2
27/06/2013,1.2
26/06/2013,1.2
25/06/2013,1.19
24/06/2013,1.19
23/06/2013,1.19
22/06/2013,1.19
21/06/2013,1.19
20/06/2013,1.18
19/06/2013,1.18
18/06/2013,1.18
17/06/2013,1.18
16/06/2013,1.18
15/06/2013,1.18
14/06/2013,1.18
13/06/2013,1.18
12/06/2013,1.18
11/06/2013,1.18
10/06/2013,1.18
09/06/2013,1.17
08/06/2013,1.17
07/06/2013,1.17
06/06/2013,1.17
05/06/2013,1.17
04/06/2013,1.17
03/06/2013,1.17
02/06/2013,1.16
01/06/2013,1.17
31/05/2013,1.16
30/05/2013,1.16
29/05/2013,1.16
28/05/2013,1.16
27/05/2013,1.15
26/05/2013,1.15
25/05/2013,1.14
24/05/2013,1.14
23/05/2013,1.13
22/05/2013,1.13
21/05/2013,1.11
20/05/2013,1.11
19/05/2013,1.11
18/05/2013,1.11
17/05/2013,1.11
16/05/2013,1.11
15/05/2013,1.11
14/05/2013,1.11
13/05/2013,1.11
12/05/2013,1.11
11/05/2013,1.11
10/05/2013,1.1
09/05/2013,1.11
08/05/2013,1.11
07/05/2013,1.11
06/05/2013,1.11
05/05/2013,1.11
04/05/2013,1.11
03/05/2013,1.11
02/05/2013,1.11
30/04/2013,1.1
29/04/2013,1.1
28/04/2013,1.11
27/04/2013,1.11
26/04/2013,1.1
25/04/2013,1.11
24/04/2013,1.11
23/04/2013,1.11
22/04/2013,1.11
21/04/2013,1.11
20/04/2013,1.11
19/04/2013,1.11
18/04/2013,1.11
17/04/2013,1.11
16/04/2013,1.11
15/04/2013,1.11
14/04/2013,1.1
13/04/2013,1.1
12/04/2013,1.1
11/04/2013,1.1
10/04/2013,1.1
09/04/2013,1.1
08/04/2013,1.1
07/04/2013,1.1
06/04/2013,1.1
05/04/2013,1.1
04/04/2013,1.1
03/04/2013,1.1
02/04/2013,1.1
01/04/2013,1.08
31/03/2013,1.07
30/03/2013,1.07
29/03/2013,1.07
28/03/2013,1.07
27/03/2013,1.06
26/03/2013,1.07
25/03/2013,1.07
24/03/2013,1.06
23/03/2013,1.06
22/03/2013,1.07
21/03/2013,1.07
20/03/2013,1.07
19/03/2013,1.06
18/03/2013,1.06
17/03/2013,1.06
16/03/2013,1.06
15/03/2013,1.06
14/03/2013,1.06
13/03/2013,1.06
12/03/2013,1.07
11/03/2013,1.07
10/03/2013,1.07
09/03/2013,1.07
08/03/2013,1.07
07/03/2013,1.07
06/03/2013,1.07
05/03/2013,1.07
04/03/2013,1.08
03/03/2013,1.08
02/03/2013,1.08
01/03/2013,1.09
28/02/2013,1.08
27/02/2013,1.08
26/02/2013,1.08
25/02/2013,1.08
24/02/2013,1.08
23/02/2013,1.09
22/02/2013,1.08
21/02/2013,1.09
20/02/2013,1.09
19/02/2013,1.09
18/02/2013,1.09
17/02/2013,1.09
16/02/2013,1.09
15/02/2013,1.09
14/02/2013,1.08
13/02/2013,1.1
12/02/2013,1.1
11/02/2013,1.11
09/02/2013,1.1
08/02/2013,1.09
07/02/2013,1.11
06/02/2013,1.11
05/02/2013,1.1
04/02/2013,1.1
03/02/2013,1.11
02/02/2013,1.11
01/02/2013,1.11
31/01/2013,1.11
30/01/2013,1.11
29/01/2013,1.11
28/01/2013,1.12
27/01/2013,1.12
26/01/2013,1.12
25/01/2013,1.11
24/01/2013,1.11
23/01/2013,1.11
22/01/2013,1.11
21/01/2013,1.11
20/01/2013,1.11
19/01/2013,1.11
18/01/2013,1.11
17/01/2013,1.11
16/01/2013,1.11
15/01/2013,1.11
14/01/2013,1.11
13/01/2013,1.1
12/01/2013,1.1
11/01/2013,1.1
10/01/2013,1.1
09/01/2013,1.1
08/01/2013,1.1
07/01/2013,1.1
06/01/2013,1.09
05/01/2013,1.09
04/01/2013,1.09
03/01/2013,1.08
02/01/2013,1.09
01/01/2013,1.09
31/12/2012,1.08
30/12/2012,1.08
29/12/2012,1.09
28/12/2012,1.08
27/12/2012,1.09
26/12/2012,1.08
25/12/2012,1.09
24/12/2012,1.09
23/12/2012,1.09
22/12/2012,1.08
21/12/2012,1.08
20/12/2012,1.08
19/12/2012,1.08
18/12/2012,1.1
17/12/2012,1.11
16/12/2012,1.1
15/12/2012,1.1
14/12/2012,1.1
13/12/2012,1.1
12/12/2012,1.1
11/12/2012,1.11
10/12/2012,1.11
09/12/2012,1.11
08/12/2012,1.11
07/12/2012,1.11
06/12/2012,1.12
05/12/2012,1.14
04/12/2012,1.15
03/12/2012,1.15
02/12/2012,1.16
01/12/2012,1.15
30/11/2012,1.16
29/11/2012,1.16
28/11/2012,1.16
27/11/2012,1.16
26/11/2012,1.17
25/11/2012,1.17
24/11/2012,1.17
23/11/2012,1.17
22/11/2012,1.17
21/11/2012,1.17
20/11/2012,1.17
19/11/2012,1.17
18/11/2012,1.17
17/11/2012,1.17
16/11/2012,1.17
15/11/2012,1.17
14/11/2012,1.17
13/11/2012,1.17
12/11/2012,1.17
11/11/2012,1.17
10/11/2012,1.17
09/11/2012,1.17
08/11/2012,1.17
07/11/2012,1.17
06/11/2012,1.17
05/11/2012,1.17
04/11/2012,1.17
03/11/2012,1.17
02/11/2012,1.17
01/11/2012,1.17
31/10/2012,1.17
30/10/2012,1.17
29/10/2012,1.17
28/10/2012,1.17
27/10/2012,1.17
26/10/2012,1.17
25/10/2012,1.17
24/10/2012,1.16
23/10/2012,1.16
22/10/2012,1.15
21/10/2012,1.15
20/10/2012,1.15
19/10/2012,1.15
18/10/2012,1.15
17/10/2012,1.15
16/10/2012,1.15
15/10/2012,1.15
14/10/2012,1.15
13/10/2012,1.15
12/10/2012,1.15
11/10/2012,1.15
10/10/2012,1.15
09/10/2012,1.15
08/10/2012,1.16
07/10/2012,1.16
06/10/2012,1.15
05/10/2012,1.16
04/10/2012,1.15
03/10/2012,1.16
02/10/2012,1.15
01/10/2012,1.16
30/09/2012,1.16
29/09/2012,1.16
28/09/2012,1.15
27/09/2012,1.15
26/09/2012,1.15
25/09/2012,1.15
24/09/2012,1.15
23/09/2012,1.16
22/09/2012,1.16
21/09/2012,1.15
20/09/2012,1.16
19/09/2012,1.15
18/09/2012,1.16
17/09/2012,1.16
16/09/2012,1.16
15/09/2012,1.16
14/09/2012,1.15
13/09/2012,1.15
12/09/2012,1.15
11/09/2012,1.13
10/09/2012,1.12
09/09/2012,1.11
08/09/2012,1.11
07/09/2012,1.11
06/09/2012,1.11
05/09/2012,1.11
04/09/2012,1.12
03/09/2012,1.11
02/09/2012,1.11
01/09/2012,1.11
31/08/2012,1.11
30/08/2012,1.11
29/08/2012,1.11
28/08/2012,1.11
27/08/2012,1.11
26/08/2012,1.11
25/08/2012,1.11
24/08/2012,1.11
23/08/2012,1.12
22/08/2012,1.11
21/08/2012,1.12
20/08/2012,1.11
19/08/2012,1.12
18/08/2012,1.12
17/08/2012,1.11
16/08/2012,1.12
15/08/2012,1.11
14/08/2012,1.12
13/08/2012,1.11
12/08/2012,1.11
11/08/2012,1.11
10/08/2012,1.1
09/08/2012,1.1
08/08/2012,1.09
07/08/2012,1.08
06/08/2012,1.06
05/08/2012,1.05
04/08/2012,1.05
03/08/2012,1.04
02/08/2012,1.04
01/08/2012,1.03
31/07/2012,1.02
30/07/2012,1.02
29/07/2012,1.01
28/07/2012,1.01
27/07/2012,1.02
26/07/2012,1.02
25/07/2012,1.02
24/07/2012,1.02
23/07/2012,1.01
22/07/2012,0.98
21/07/2012,0.98
20/07/2012,0.99
19/07/2012,0.99
18/07/2012,0.99
17/07/2012,0.99
16/07/2012,0.99
15/07/2012,0.99
14/07/2012,0.99
13/07/2012,0.98
12/07/2012,0.99
11/07/2012,0.99
10/07/2012,0.99
09/07/2012,0.99
08/07/2012,1
07/07/2012,1
06/07/2012,1
05/07/2012,1
04/07/2012,1
03/07/2012,1
02/07/2012,1
01/07/2012,1
30/06/2012,1
29/06/2012,1
28/06/2012,1
27/06/2012,1
26/06/2012,1
25/06/2012,1
24/06/2012,1.01
23/06/2012,1.01
22/06/2012,1
21/06/2012,1.01
20/06/2012,1
19/06/2012,1
18/06/2012,1
17/06/2012,1.01
16/06/2012,1.01
15/06/2012,1
14/06/2012,1
13/06/2012,1.01
12/06/2012,1.01
11/06/2012,1
10/06/2012,1.01
09/06/2012,1.01
08/06/2012,1.01
07/06/2012,1
06/06/2012,1.01
05/06/2012,1.01
04/06/2012,1.01
03/06/2012,1.01
02/06/2012,1.01
01/06/2012,1.01
31/05/2012,1.01
30/05/2012,1.01
29/05/2012,1
28/05/2012,1
27/05/2012,1.01
26/05/2012,1
25/05/2012,1.01
24/05/2012,1.01
23/05/2012,1.01
22/05/2012,1.01
21/05/2012,1.01
20/05/2012,1.03
19/05/2012,1.02
18/05/2012,1.02
17/05/2012,1.03
16/05/2012,1.03
15/05/2012,1.03
14/05/2012,1.03
13/05/2012,1.03
12/05/2012,1.03
11/05/2012,1.03
10/05/2012,1.03
09/05/2012,1.03
08/05/2012,1.03
07/05/2012,1.03
06/05/2012,1.03
05/05/2012,1.03
04/05/2012,1.03
03/05/2012,1.03
01/05/2012,1.02
30/04/2012,1.03
29/04/2012,1.02
28/04/2012,1.02
26/04/2012,1.03
25/04/2012,1.02
24/04/2012,1.02
23/04/2012,1.02
22/04/2012,1.02
21/04/2012,1.02
20/04/2012,1.02
19/04/2012,1.02
18/04/2012,1.02
17/04/2012,1.02
16/04/2012,1.03
15/04/2012,1.03
14/04/2012,1.02
13/04/2012,1.02
12/04/2012,1.02
11/04/2012,1.02
10/04/2012,1.02
09/04/2012,1.02
08/04/2012,1.02
07/04/2012,1.02
05/04/2012,1.02
04/04/2012,1.02
03/04/2012,1.02
02/04/2012,1.02
01/04/2012,1
31/03/2012,1
30/03/2012,1
29/03/2012,0.99
28/03/2012,0.98
27/03/2012,0.95
26/03/2012,0.95
25/03/2012,0.92
24/03/2012,0.92
23/03/2012,0.92
22/03/2012,0.93
21/03/2012,0.93
20/03/2012,0.93
19/03/2012,0.93
18/03/2012,0.93
17/03/2012,0.96
16/03/2012,0.95
15/03/2012,0.95
14/03/2012,0.94
13/03/2012,0.93
12/03/2012,0.93
10/03/2012,0.93
09/03/2012,0.93
08/03/2012,0.93
07/03/2012,0.93
06/03/2012,0.94
05/03/2012,0.94
03/03/2012,0.95
02/03/2012,0.95
01/03/2012,0.95
29/02/2012,0.95
28/02/2012,0.95
27/02/2012,0.96
25/02/2012,0.97
24/02/2012,0.98
23/02/2012,0.98
22/02/2012,0.99
21/02/2012,0.99
20/02/2012,0.99
18/02/2012,0.99
17/02/2012,0.99
16/02/2012,1
15/02/2012,1
14/02/2012,1
13/02/2012,1
11/02/2012,1
10/02/2012,1
09/02/2012,1
08/02/2012,1
07/02/2012,1
06/02/2012,1
04/02/2012,1
03/02/2012,1
02/02/2012,1.01
01/02/2012,1
31/01/2012,1.01
30/01/2012,1.01
28/01/2012,1.01
27/01/2012,1.01
26/01/2012,1.01
25/01/2012,1.02
24/01/2012,1.02
23/01/2012,1.03
21/01/2012,1.03
20/01/2012,1.03
19/01/2012,1.05
18/01/2012,1.05
17/01/2012,1.05
16/01/2012,1.05
14/01/2012,1.05
13/01/2012,1.04
12/01/2012,1.04
11/01/2012,1.03
10/01/2012,1.02
09/01/2012,1
07/01/2012,1.01
06/01/2012,1.02
05/01/2012,1.03
04/01/2012,1.02
03/01/2012,1.01
02/01/2012,1.01
31/12/2011,1.02
30/12/2011,1.02
29/12/2011,1.03
28/12/2011,1.04
27/12/2011,1.03
26/12/2011,1.03
24/12/2011,1.04
23/12/2011,1.04
22/12/2011,1.04
21/12/2011,1.04
20/12/2011,1.04
19/12/2011,1.04
17/12/2011,1.05
16/12/2011,1.05
15/12/2011,1.05
14/12/2011,1.05
13/12/2011,1.06
12/12/2011,1.07
10/12/2011,1.09
09/12/2011,1.1
08/12/2011,1.11
07/12/2011,1.1
06/12/2011,1.11
05/12/2011,1.11
03/12/2011,1.12
02/12/2011,1.13
01/12/2011,1.15
30/11/2011,1.15
29/11/2011,1.15
28/11/2011,1.15
26/11/2011,1.15
25/11/2011,1.15
24/11/2011,1.15
23/11/2011,1.15
22/11/2011,1.15
21/11/2011,1.15
19/11/2011,1.15
18/11/2011,1.15
17/11/2011,1.15
16/11/2011,1.15
15/11/2011,1.15
14/11/2011,1.15
12/11/2011,1.15
11/11/2011,1.15
10/11/2011,1.16
09/11/2011,1.16
08/11/2011,1.16
07/11/2011,1.16
05/11/2011,1.16
04/11/2011,1.16
03/11/2011,1.16
02/11/2011,1.17
01/11/2011,1.17
31/10/2011,1.17
29/10/2011,1.17
28/10/2011,1.18
27/10/2011,1.18
26/10/2011,1.18
25/10/2011,1.18
24/10/2011,1.19
22/10/2011,1.2
21/10/2011,1.2
20/10/2011,1.2
19/10/2011,1.21
18/10/2011,1.21
17/10/2011,1.21
15/10/2011,1.21
14/10/2011,1.21
13/10/2011,1.22
12/10/2011,1.22
11/10/2011,1.23
10/10/2011,1.22
08/10/2011,1.23
07/10/2011,1.23
06/10/2011,1.23
05/10/2011,1.23
04/10/2011,1.23
03/10/2011,1.25
01/10/2011,1.25
30/09/2011,1.25
29/09/2011,1.25
28/09/2011,1.24
27/09/2011,1.25
26/09/2011,1.25
25/09/2011,1.24
24/09/2011,1.24
23/09/2011,1.24
22/09/2011,1.24
21/09/2011,1.23
20/09/2011,1.22
19/09/2011,1.21
17/09/2011,1.22
16/09/2011,1.22
15/09/2011,1.22
14/09/2011,1.23
13/09/2011,1.22
12/09/2011,1.22
10/09/2011,1.22
09/09/2011,1.23
08/09/2011,1.22
07/09/2011,1.23
06/09/2011,1.22
05/09/2011,1.22
03/09/2011,1.22
02/09/2011,1.22
01/09/2011,1.22
31/08/2011,1.24
29/08/2011,1.23
27/08/2011,1.22
26/08/2011,1.23
25/08/2011,1.25
24/08/2011,1.23
23/08/2011,1.23
22/08/2011,1.23
20/08/2011,1.23
19/08/2011,1.23
18/08/2011,1.23
17/08/2011,1.23
16/08/2011,1.23
15/08/2011,1.24
13/08/2011,1.24
12/08/2011,1.24
11/08/2011,1.24
10/08/2011,1.24
09/08/2011,1.24
08/08/2011,1.24
07/08/2011,1.24
06/08/2011,1.24
05/08/2011,1.24
04/08/2011,1.24
03/08/2011,1.24
02/08/2011,1.24
01/08/2011,1.24
31/07/2011,1.24
30/07/2011,1.24
29/07/2011,1.24
28/07/2011,1.24
27/07/2011,1.24
26/07/2011,1.24
25/07/2011,1.24
24/07/2011,1.24
23/07/2011,1.24
22/07/2011,1.24
21/07/2011,1.25
20/07/2011,1.25
19/07/2011,1.25
18/07/2011,1.25
16/07/2011,1.26
15/07/2011,1.26
14/07/2011,1.26
13/07/2011,1.26
12/07/2011,1.26
11/07/2011,1.26
10/07/2011,1.26
09/07/2011,1.26
08/07/2011,1.26
07/07/2011,1.26
06/07/2011,1.26
05/07/2011,1.26
04/07/2011,1.26
02/07/2011,1.26
01/07/2011,1.26
30/06/2011,1.26
29/06/2011,1.26
28/06/2011,1.26
27/06/2011,1.26
25/06/2011,1.26
24/06/2011,1.26
23/06/2011,1.26
22/06/2011,1.27
21/06/2011,1.27
20/06/2011,1.27
19/06/2011,1.28
18/06/2011,1.27
17/06/2011,1.26
16/06/2011,1.26
15/06/2011,1.26
14/06/2011,1.26
13/06/2011,1.26
12/06/2011,1.28
11/06/2011,1.27
10/06/2011,1.27
09/06/2011,1.27
08/06/2011,1.27
07/06/2011,1.27
06/06/2011,1.27
05/06/2011,1.27
04/06/2011,1.27
03/06/2011,1.27
02/06/2011,1.27
01/06/2011,1.27
31/05/2011,1.27
30/05/2011,1.27
29/05/2011,0.97
28/05/2011,1.27
27/05/2011,0.98
26/05/2011,1.27
25/05/2011,1.28
24/05/2011,1.28
23/05/2011,1.28
22/05/2011,1.28
21/05/2011,1.28
20/05/2011,1.28
19/05/2011,1.28
18/05/2011,1.27
17/05/2011,1.28
16/05/2011,1.28
15/05/2011,1.28
14/05/2011,1.28
13/05/2011,1.28
12/05/2011,1.28
11/05/2011,1.27
10/05/2011,1.27
09/05/2011,1.26
08/05/2011,1.26
07/05/2011,1.26
06/05/2011,1.26
05/05/2011,1.27
04/05/2011,1.27
03/05/2011,1.27
02/05/2011,1.28
01/05/2011,1.27
30/04/2011,1.27
29/04/2011,1.27
28/04/2011,1.27
27/04/2011,1.26
26/04/2011,1.25
25/04/2011,1.25
24/04/2011,1.25
23/04/2011,1.25
22/04/2011,1.25
21/04/2011,1.25
20/04/2011,1.24
19/04/2011,1.23
18/04/2011,1.21
17/04/2011,1.2
16/04/2011,1.2
15/04/2011,1.2
14/04/2011,1.19
13/04/2011,1.16
12/04/2011,1.16
11/04/2011,1.17
10/04/2011,1.16
09/04/2011,1.16
08/04/2011,1.16
07/04/2011,1.16
06/04/2011,1.16
05/04/2011,1.13
04/04/2011,1.13
03/04/2011,1.13
02/04/2011,1.13
01/04/2011,1.12
31/03/2011,1.12
30/03/2011,1.12
29/03/2011,1.11
28/03/2011,1.1
27/03/2011,1.11
26/03/2011,1.11
25/03/2011,1.11
24/03/2011,1.11
23/03/2011,1.11
22/03/2011,1.1
21/03/2011,1.1
20/03/2011,1.1
19/03/2011,1.1
18/03/2011,1.1
17/03/2011,1.1
16/03/2011,1.09
15/03/2011,1.1
14/03/2011,1.09
13/03/2011,1.09
12/03/2011,1.09
11/03/2011,1.09
10/03/2011,1.09
09/03/2011,1.09
08/03/2011,1.08
07/03/2011,1.08
06/03/2011,1.08
05/03/2011,1.08
04/03/2011,1.08
03/03/2011,1.09
02/03/2011,1.08
01/03/2011,1.08
28/02/2011,1.08
27/02/2011,1.08
26/02/2011,1.08
25/02/2011,1.08
24/02/2011,1.08
23/02/2011,1.08
22/02/2011,1.08
21/02/2011,1.08
20/02/2011,1.08
19/02/2011,1.08
18/02/2011,1.08
17/02/2011,1.08
16/02/2011,1.08
15/02/2011,1.08
14/02/2011,1.08
13/02/2011,1.08
12/02/2011,1.08
11/02/2011,1.08
10/02/2011,1.08
09/02/2011,1.08
08/02/2011,1.08
07/02/2011,1.08
06/02/2011,1.08
05/02/2011,1.08
04/02/2011,1.08
03/02/2011,1.08
02/02/2011,1.08
01/02/2011,1.09
31/01/2011,1.09
30/01/2011,1.08
29/01/2011,1.08
28/01/2011,1.08
27/01/2011,1.08
26/01/2011,1.09
25/01/2011,1.08
24/01/2011,1.08
23/01/2011,1.08
22/01/2011,1.08
21/01/2011,1.08
20/01/2011,1.08
19/01/2011,1.08
18/01/2011,1.08
17/01/2011,1.08
16/01/2011,1.09
15/01/2011,1.09
14/01/2011,1.09
13/01/2011,1.12
12/01/2011,1.12
11/01/2011,1.11
10/01/2011,1.12
09/01/2011,1.13
08/01/2011,1.13
07/01/2011,1.12
06/01/2011,1.09
05/01/2011,1.08
04/01/2011,1.08
03/01/2011,1.06
02/01/2011,1.06
01/01/2011,1.06
31/12/2010,1.06
30/12/2010,1.06
29/12/2010,1.06
28/12/2010,1.06
27/12/2010,1.06
26/12/2010,1.05
25/12/2010,1.05
24/12/2010,1.05
23/12/2010,1.06
22/12/2010,1.06
21/12/2010,1.07
20/12/2010,1.07
19/12/2010,1.08
18/12/2010,1.08
17/12/2010,1.08
16/12/2010,1.08
15/12/2010,1.08
14/12/2010,1.09
13/12/2010,1.1
12/12/2010,1.1
11/12/2010,1.1
10/12/2010,1.09
09/12/2010,1.11
07/12/2010,1.11
06/12/2010,1.12
05/12/2010,1.13
04/12/2010,1.13
03/12/2010,1.13
02/12/2010,1.12
01/12/2010,1.13
30/11/2010,1.13
29/11/2010,1.13
27/11/2010,1.13
26/11/2010,1.13
25/11/2010,1.14
24/11/2010,1.14
23/11/2010,1.14
22/11/2010,1.14
21/11/2010,1.14
20/11/2010,1.14
19/11/2010,1.15
18/11/2010,1.15
17/11/2010,1.17
16/11/2010,1.16
15/11/2010,1.16
14/11/2010,1.17
13/11/2010,1.17
12/11/2010,1.17
11/11/2010,1.16
10/11/2010,1.17
09/11/2010,1.16
08/11/2010,1.16
07/11/2010,1.16
06/11/2010,1.16
05/11/2010,1.16
04/11/2010,1.15
03/11/2010,1.15
02/11/2010,1.16
30/10/2010,1.15
29/10/2010,1.15
28/10/2010,1.14
27/10/2010,1.15
26/10/2010,1.16
25/10/2010,1.16
24/10/2010,1.15
23/10/2010,1.16
22/10/2010,1.17
21/10/2010,1.16
20/10/2010,1.16
19/10/2010,1.17
18/10/2010,1.17
17/10/2010,1.15
16/10/2010,1.15
15/10/2010,1.15
14/10/2010,1.15
13/10/2010,1.15
12/10/2010,1.14
11/10/2010,1.14
10/10/2010,1.15
09/10/2010,1.15
08/10/2010,1.15
07/10/2010,1.15
06/10/2010,1.15
05/10/2010,1.15
04/10/2010,1.15
03/10/2010,1.16
02/10/2010,1.17
01/10/2010,1.17
30/09/2010,1.17
29/09/2010,1.18
28/09/2010,1.18
27/09/2010,1.18
26/09/2010,1.18
25/09/2010,1.18
24/09/2010,1.18
23/09/2010,1.18
22/09/2010,1.18
21/09/2010,1.18
20/09/2010,1.14
19/09/2010,1.14
18/09/2010,1.14
17/09/2010,1.13
16/09/2010,1.08
15/09/2010,1.07
14/09/2010,1.07
13/09/2010,1.06
12/09/2010,1.04
11/09/2010,1.04
10/09/2010,1.04
09/09/2010,1.03
08/09/2010,1.03
07/09/2010,1.03
06/09/2010,1.03
05/09/2010,1.03
04/09/2010,1.03
03/09/2010,1.03
02/09/2010,1.03
01/09/2010,1.03
31/08/2010,1.03
30/08/2010,1.03
29/08/2010,1.03
28/08/2010,1.03
27/08/2010,1.03
26/08/2010,1.02
25/08/2010,1
24/08/2010,1
23/08/2010,1.03
22/08/2010,1.03
21/08/2010,1.03
20/08/2010,1.03
19/08/2010,1.03
18/08/2010,1.02
17/08/2010,1.02
16/08/2010,1.01
14/08/2010,1.01
13/08/2010,1.01
12/08/2010,1
11/08/2010,0.98
10/08/2010,0.97
09/08/2010,0.95
08/08/2010,0.95
07/08/2010,0.95
06/08/2010,0.95
05/08/2010,0.95
04/08/2010,0.95
03/08/2010,0.95
02/08/2010,0.95
01/08/2010,0.96
31/07/2010,0.96
30/07/2010,0.96
29/07/2010,0.96
28/07/2010,0.96
27/07/2010,0.96
26/07/2010,0.96
25/07/2010,0.96
24/07/2010,0.96
23/07/2010,0.96
22/07/2010,0.96
21/07/2010,0.96
20/07/2010,0.96
19/07/2010,0.96
18/07/2010,0.96
17/07/2010,0.96
16/07/2010,0.96
15/07/2010,0.96
14/07/2010,0.97
13/07/2010,0.97
12/07/2010,0.97
11/07/2010,0.97
10/07/2010,0.97
09/07/2010,0.97
08/07/2010,0.97
07/07/2010,0.98
06/07/2010,0.98
05/07/2010,0.98
04/07/2010,0.97
03/07/2010,0.97
02/07/2010,0.97
01/07/2010,0.98
30/06/2010,0.98
29/06/2010,0.98
28/06/2010,0.98
27/06/2010,0.98
26/06/2010,0.98
25/06/2010,0.98
24/06/2010,0.99
23/06/2010,0.98
22/06/2010,0.99
21/06/2010,0.99
19/06/2010,0.99
18/06/2010,0.99
17/06/2010,0.99
16/06/2010,0.99
15/06/2010,0.99
14/06/2010,0.99
13/06/2010,1
12/06/2010,1
11/06/2010,1
10/06/2010,1
09/06/2010,1
08/06/2010,1
07/06/2010,1
06/06/2010,1
05/06/2010,1
04/06/2010,1
03/06/2010,1
02/06/2010,1
01/06/2010,1
